Item,Description,Cost
3MD-10771(E),3M ESPE IMPRINT 3 HEAVY BODY REFILL CARTRIDGES 4-50ML,76.67
3MD-10771J,3M ESPE IMPRINT 3 HEAVY BODY CARTRIDGE JUMBO PACK 50ML 30/PK,298.09
3MD-12627(E),3M ESPE CLINPRO SEALANT SYRINGE REFILL 10 X1.2ML,10.66
3MD-1942FB,3M ESPE MASKS FLUID RESIST (50/BX),18.11
3MD-1942FR,3M ESPE MASKS FLUID RESIST (50/BX),18.11
3MD-1954,3M ESPE SOF-LEX FINISHING STRIPS COARSE/MEDIUM,14.29
3MD-1954N,3M ESPE SOF-LEX FINISHING STRIPS COARSE/MED.NARROW,14.29
3MD-1956,3M ESPE SOF-LEX FINISHING AND POLISHING STRIPS,14.4
3MD-1981C,3M ESPE SOF-LEX POP-ON POLISHING DISCS 3/8' COARSE,18.47
3MD-1981F,3M ESPE SOF-LEX POP-ON POLISHING DISCS 3/8' FINE,15.94
3MD-1981M,3M ESPE SOF-LEX POP-ON POLISHING DISCS 3/8' MEDIUM,18.47
3MD-1981SF,3M ESPE SOF-LEX POP-ON POLISHING DISCS 3/8' SUPERFINE,15.95
3MD-1982C,3M ESPE SOF-LEX POP-ON POLISHING DISCS 1/2' COARSE,15.93
3MD-1982F,3M ESPE SOF-LEX POP-ON POLISHING DISCS 1/2' FINE,19.95
3MD-1982M,3M ESPE SOF-LEX POP-ON POLISHING DISCS 1/2' MEDIUM,18.54
3MD-1982SF,3M ESPE SOF-LEX POP-ON POLISHING DISCS 1/2' SUPERFINE,15.95
3MD-1983RA,3M ESPE SOF-LEX POP-ON MANDRELS 1983,14.67
3MD-2000F,3M ESPE MASKS EARLOOP (50/BOX),0
3MD-2380,3M ESPE SOF-LEX POP-ON POLISHING DISCS KIT,55.79
3MD-2381C,3M ESPE SOF-LEX POP-ON POLISHING DISCS 3/8' COARSE,18.54
3MD-2381F,3M ESPE SOF-LEX POP-ON POLISHING DISCS 3/8' FINE,15.93
3MD-2381M,3M ESPE SOF-LEX POP-ON POLISHING DISCS 3/8' MEDIUM,15.88
3MD-2381SF,3M ESPE SOF-LEX POP-ON POLISHING DISCS 3/8' SUPERFINE,15.95
3MD-2382C,3M ESPE SOF-LEX POP-ON POLISHING DISCS 1/2' COARSE,15.88
3MD-2382F,3M ESPE SOF-LEX POP-ON POLISHING DISCS 1/2' FINE,15.94
3MD-2382M,3M ESPE SOF-LEX POP-ON POLISHING DISCS 1/2' MEDIUM,18.54
3MD-2382SF,3M ESPE SOF-LEX POP-ON POLISHING DISCS 1/2' SUPERFINE,18.54
3MD-30103(E),3M ESPE PERMADYNE PENTA H,187.65
3MD-30413(E),3M ESPE PERMADYNE GARANT 2:1 LIGHT BODY,104.9
3MD-30600,3M ESPE IMPREGUM POLYETHER ADHESIVE,13.5
3MD-31642(E),3M ESPE IMPREGUM PENTA STANDARD DOUBLE PACK,154.79
3MD-31712(E),3M ESPE IMPREGUM F DOUBLE PACK,67
3MD-31731-B,3M ESPE IMPREGUM PENTA SOFT DOUBLE PACK,154.79
3MD-31752(E),3M ESPE IMPREGUM SOFT LIGHT BODY REFILL 4 X 50ML,76.6
3MD-31765(E),3M ESPE IMPREGUM PENTA SOFT QUICK STEP MEDIUM,156.62
3MD-3505(E),3M ESPE RELY X LUTING CEMENT PACKAGE,43.18
3MD-3505(E)#,DAMAGED 3M ESPE RELY X LUTING CEMENT PACKAGE,0
3MD-3505L,3M ESPE RELY X LUTING LIQUID,0
3MD-3505P,3M ESPE RELY X LUTING POWDER,0
3MD-3525,3M ESPE RELY X LUTING PLUS CEMENT,64.88
3MD-3525(E),3M ESPE RELY X LUTING PLUS CEMENT,75.24
3MD-3525(TE),3M ESPE RELY X LUTING PLUS CEMENT TRIAL KIT,35
3MD-3525TK,3M ESPE RELY X LUTING PLUS CEMENT TRIAL KIT,35
3MD-3535(E),3M ESPE RELY X LUTING PLUS CEMENT VALUE PACK 3 - 8.5GM,0
3MD-37010,3M ESPE KETAC-SILVER APLICAP STANDARD PACK (50/PK),85.72
3MD-37231(E),3M ESPE KETAC CEMENT TRIPLE PACK,86.87
3MD-38216,3M ESPE DURELON TRIPLE LIQUID 40ML,12.31
3MD-38236,3M ESPE DURELON TRIPLE SIZE POWDER (3X20gm),23.49
3MD-38265,3M ESPE DURELON CD TRIPLE LIQUID 12 SYRINGES 40ML,38.49
3MD-41258,3M ESPE SCOTCHBOND UNIVERSAL ADHESIVE,64.23
3MD-41258(E),3M ESPE SCOTCHBOND UNIVERSAL ADHESIVE,30
3MD-41263,3M ESPE SCOTCHBOND UNIVERSAL ETCHANT ETCHING GEL,27.31
3MD-41926,3M ESPE ADPER PROMPT L-POP SELF ETCH ADHESIVE GIANT PACK (100),83.02
3MD-44130,3M ESPE CAVIT W MEDIUM SET JAR 28gr,5.07
3MD-44313,3M ESPE CAVIT G,5.31
3MD-46954,3M ESPE PROTEMP 4 A1,54.87
3MD-46956,3M ESPE PROTEMP 4 A2,53.87
3MD-46957,3M ESPE PROTEMP 4 A3,52.39
3MD-4720A3(E),3M ESPE FILTEK P60 SYRINGE A3,15.2
3MD-4720B2(E),3M ESPE FILTEK P60 SYRINGE B2,15.17
3MD-4720C2(E),3M ESPE FILTEK P60 SYRINGE C2,15.32
3MD-4862A2(E),3M ESPE FILTEK BULK FILL SYRINGE A2 2G,33.21
3MD-4864A2,3M ESPE FILTEK BULK FILL CAPSULES A2 20/PK,45.18
3MD-51102(E),3M ESPE ADPER SINGLEBOND 2 6ml.,24.28
3MD-56061(E),3M ESPE KETAC-CEM CEMENT APLICAP REFILL 50/BX,68.36
3MD-56660,3M ESPE RELY X TEMP NE,14.86
3MD-56816,3M ESPE RELY X UNICEM APLICAP REFILL TRANSLUCENT (50/BX),198.99
3MD-56818,3M ESPE RELY X UNICEM APLICAP REFILL A2 UNIVERSAL (50/BX),193.66
3MD-56819,3M ESPE RELY X UNICEM APLICAP REFILL A1 UNIVERSAL (50/BX),85.17
3MD-56846,3M ESPE RELY X UNICEM 2 AUTOMIX  REFILL UNIVERSAL A2 8.5G,75.55
3MD-56848,3M ESPE RELY X UNICEM 2 AUTOMIX  REFILL TRANSLUCENT 8.5G,75.55
3MD-56849,3M ESPE RELY X UNICEM 2 AUTOMIX VALUE PACK UNIVERSAL A2 8.5G,174.16
3MD-56861,3M ESPE RELY X FIBER POST REFILL SIZE 1,84.04
3MD-56872,3M ESPE RELY X FIBER POST REFILL SIZE 0,80.91
3MD-56877,3M ESPE RELY X U200 TRANSLUCENT CLICKER,41.29
3MD-56878,3M ESPE RELY X U200 A2 UNIVERSAL CLICKER,39.19
3MD-56890,3M ESPE RELY X ULTIMATE ADHESIVE CEMENT TRANSLUCENT 8.5 G,111.01
3MD-56941(E),3M ESPE RETRACTION CAPSULE REFILL 25/PK,42.76
3MD-5904A1(E),3M ESPE Z100 SYRINGE A1,10.76
3MD-5904A2(E),3M ESPE Z100 SYRINGE A2,10.38
3MD-5904A3(E),3M ESPE Z100 SYRINGE A3,10.38
3MD-5904A3.5(E),3M ESPE Z100 SYRINGE A3.5,10.38
3MD-5904B2(E),3M ESPE Z100 SYRINGE B2,15.48
3MD-5904UD(E),3M ESPE Z100 SYRINGE UD,12.26
3MD-5905A1,3M ESPE Z100 RESTORATIVE CAPSULE A1,27.93
3MD-5905A2,3M ESPE Z100 RESTORATIVE CAPSULE A2,27.98
3MD-5905A3,3M ESPE Z100 RESTORATIVE CAPSULE A3,27.98
3MD-5905A3.5,3M ESPE Z100 RESTORATIVE CAPSULE A3.5,27.98
3MD-5905B2,3M ESPE Z100 RESTORATIVE CAPSULE B2 (9/BX),23.85
3MD-5905B3,3M ESPE Z100 RESTORATIVE CAPSULE B3 (9/BX),1
3MD-5907P,3M ESPE Z100 RESTORATIVE CAPSULE PEDO,12.79
3MD-6020A1(E),3M ESPE FILTEK Z250 SYRINGE A1,14.17
3MD-6020A2,3M ESPE FILTEK Z250 SYRINGE REFILL A2,40.25
3MD-6020A2(E),3M ESPE FILTEK Z250 SYRINGE A2,14.17
3MD-6020A3,3M ESPE FILTEK Z250 SYRINGE REFILL A3,20.41
3MD-6020A3(E),3M ESPE FILTEK Z250 SYRINGE A3,14.17
3MD-6020A3.5(E),3M ESPE FILTEK Z250 SYRINGE A3.5,14.17
3MD-6020A4,3M ESPE FILTEK Z250 SYRINGE REFILL A4,23.37
3MD-6020A4(E),3M ESPE FILTEK Z250 SYRINGE A4,14.17
3MD-6020B1(E),3M ESPE FILTEK Z250 SYRINGE B1,14.19
3MD-6020B2(E),3M ESPE FILTEK Z250 SYRINGE B2,14
3MD-6020C2,3M ESPE FILTEK Z250 SYRINGE REFILL C2,23.37
3MD-6020UD(E),3M ESPE FILTEK Z250 SYRINGE UD,14.08
3MD-6021A1,3M ESPE FILTEK Z250 CAPSULE REFILL A1 (20/BX),40.25
3MD-6021A2,3M ESPE FILTEK Z250 CAPSULE REFILL A2 (20/BX),40.25
3MD-6021A3,3M ESPE FILTEK Z250 CAPSULE REFILL A3 (20/BX),40.25
3MD-6021A3.5,3M ESPE FILTEK Z250 CAPSULE REFILL A3.5 (20/BX),40.25
3MD-6021A4,3M ESPE FILTEK Z250 CAPSULE REFILL A4 (20/BX),35.47
3MD-6021B1,3M ESPE FILTEK Z250 CAPSULE REFILL B1 (20/BX),35.47
3MD-6021B2,3M ESPE FILTEK Z250 CAPSULE REFILL B2 (20/BX),36.76
3MD-6021C2,3M ESPE FILTEK Z250 CAPSULE REFILL C2 (20/BX),36.75
3MD-6021D3,3M ESPE FILTEK Z250 CAPSULE REFILL D3 (20/BX),36.75
3MD-6028A1B(E),3M ESPE FILTEK Z350 XT SYRING A1 BODY,18.64
3MD-6028A2B(E),3M ESPE FILTEK SUPREME SYRINGE A2 BODY,18.64
3MD-6028A3B(E),3M ESPE FILTEK Z350 XT SYRINGE A3 BODY,18.64
3MD-6029A1B(E),3M ESPE Z350 FILTEK SUPREME CAPSULE A1 BODY (20X.20GM,0
3MD-6029A1B(EU),3M ESPE FILTEK SUPREME CAPSULE A1 BODY (20X.20GM),46.01
3MD-6029A2B(E),3M ESPE Z350 FILTEK SUPREME CAPSULE A2 BODY (20X.20GM),36.75
3MD-6029A2B(EU),3M ESPE FILTEK SUPREME CAPSULE A2 BODY (20X.20GM),46.01
3MD-6029A3.5B(E),3M ESPE FILTEK SUPREME CAPSULE A3.5 BODY (20X.20GM),0
3MD-6029A3.5B(EU),3M ESPE FILTEK SUPREME CAPSULE A3.5 BODY (20X.20GM),0
3MD-6029A3B(E),3M ESPE FILTEK SUPREME CAPSULE A3 BODY (20X.20GM),0
3MD-6029A3B(EU),3M ESPE FILTEK SUPREME CAPSULE A3 BODY (20X.20GM),46.01
3MD-6029A4B(E),3M ESPE FILTEK SUPREME CAPSULE A4 BODY (20X.20GM),0
3MD-6029B1B(E),3M ESPE FILTEK SUPREME CAPSULE B1 BODY (20X.20GM),0
3MD-6032A1(EU),3M ESPE FILTEK SUPREME ULTRA FLOW SYRINGE A1 2/BX,44.47
3MD-6032A2(EU),3M ESPE FILTEK SUPREME ULTRA FLOW SYRINGE A2 2/BX,42.82
3MD-6LL4,3M ESPE TEMP CROWN FORMS NI-CHRO (5/BX),10.23
3MD-6LL5,3M ESPE TEMP CROWN FORMS NI-CHRO (5/BX),10.06
3MD-6LR5,3M ESPE TEMP CROWN FORMS NI-CHRO (5/BX),10.23
3MD-6UL2,3M ESPE TEMP CROWN FORMS NI-CHRO (5/BX),10.23
3MD-6UL3,3M ESPE TEMP CROWN FORMS NI-CHRO (5/BX),10.07
3MD-6UR4,3M ESPE TEMP CROWN FORMS NI-CHRO (5/BX),10.78
3MD-6UR7,3M ESPE TEMP CROWN FORMS NI-CHRO (5/BX),10.06
3MD-712-034,3M ESPE TRANSBOND XT ADHESIVE PRIMER,0
3MD-712-035,3M ESPE TRANSBOND XT SYRINGE  KIT,40.54
3MD-712-036,3M ESPE TRANSBOND XT ADHESIVE SYRINGE 4/PK,42.57
3MD-71210,3M ESPE IMPREGUM PENTA ELASTOMER SYRINGE,37.34
3MD-71225,3M ESPE IMPREGUM SYRINGE TIPS INTRAORAL(12/PK),10.49
3MD-71512,3M ESPE IMPREGUM PENTA MIXING TIPS RED (50/BX),31.58
3MD-71521,3M ESPE IMPRINT 4 PRELIMINARY PENTA 360ML 2/PK,60
3MD-71522,3M ESPE IMPRINT 4 PRELIMINARY PENTA SUPER QUICK 2/PK,52.95
3MD-7301,3M ESPE EXPRESS LIGHT-BODY FAST SET(REFILL 4-PACK),22.77
3MD-7302,3M ESPE EXPRESS LIGHT-BODY REGULAR SET (REFILL 2-PACK),10.01
3MD-7307,3M ESPE EXPRESS TRAY ADHESIVE,13.5
3MD-7312,3M ESPE EXPRESS PUTTY,35.47
3MD-7322,3M ESPE EXPRESS REGULAR-BODY(REFILL 2-PACK),24.56
3MD-7510,3M ESPE VITREBOND INTRODUCTORY KIT,30.17
3MD-7512L,3M ESPE VITREBOND LIQUID,25.62
3MD-7542(E),3M ESPE ADPER SCOTCHBOND MULTI PURPOSE PRIMER (E),17.97
3MD-7543(E),3M ESPE ADPER SCOTCHBOND MULTI PURPOSE ADHESIVE (E),17.79
3MD-7572,3M ESPE VITREBOND PLUS DOUBLE PACK,147.31
3MD-77949,3M ESPE PENTA MIXING TIPS REFILL 50/PK,31.58
3MD-907012,3M ESPE UNITEK SS CROWN FORM UR2 CENTRAL (5/BX),17.67
3MD-907024,3M ESPE UNITEK SS CROWN FORM UL4 LATERAL (5/BX),18.74
3MD-907033,3M ESPE UNITEK SS CROWN FORM UR3 LATERAL (5/BX),17.67
3MD-907041,3M ESPE UNITEK SS CROWN FORM U1 CUSPID (5/BX),18.31
3MD-907042,3M ESPE UNITEK SS CROWN FORM U2 CUSPID (5/BX),17.69
3MD-907043,3M ESPE UNITEK SS CROWN FORM U3 CUSPID (5/BX),17.67
3MD-C-180,3M ESPE TEMP CROWN FORMS POLYCARBONATE KIT (180/BX),156.66
3MD-DLL2,3M ESPE TEMP CROWN FORMS NI-CHRO (5/BX),14.87
3MD-DLL3,3M ESPE TEMP CROWN FORMS NI-CHRO (5/BX),10.01
3MD-DLL4,3M ESPE TEMP CROWN FORMS NI-CHRO (5/BX),10.07
3MD-DLL5,3M ESPE TEMP CROWN FORMS NI-CHRO (5/BX),10.07
3MD-DLL6,3M ESPE TEMP CROWN FORMS NI-CHRO (5/BX),14.87
3MD-DLR3,3M ESPE TEMP CROWN FORMS NI-CHRO (5/BX),10.07
3MD-DLR4,3M ESPE TEMP CROWN FORMS NI-CHRO (5/BX),10.07
3MD-DLR5,3M ESPE TEMP CROWN FORMS NI-CHRO (5/BX),10.07
3MD-DUL3,3M ESPE TEMP CROWN FORMS NI-CHRO (5/BX),10.07
3MD-DUL4,3M ESPE TEMP CROWN FORMS NI-CHRO (5/BX),10.07
3MD-DUL5,3M ESPE TEMP CROWN FORMS NI-CHRO (5/BX),10.07
3MD-DUL6,3M ESPE TEMP CROWN FORMS NI-CHRO (5/BX),14.87
3MD-DUR3,3M ESPE TEMP CROWN FORMS NI-CHRO (5/BX),14.91
3MD-DUR4,3M ESPE TEMP CROWN FORMS NI-CHRO (5/BX),10
3MD-DUR5,3M ESPE TEMP CROWN FORMS NI-CHRO (5/BX),10.08
3MD-DUR6,3M ESPE TEMP CROWN FORMS NI-CHRO (5/BX),14.93
3MD-ELL2,3M ESPE TEMP CROWN FORMS NI-CHRO (5/BX),14.13
3MD-ELL3,3M ESPE TEMP CROWN FORMS NI-CHRO (5/BX),10.07
3MD-ELL4,3M ESPE TEMP CROWN FORMS NI-CHRO (5/BX),10.07
3MD-ELL5,3M ESPE TEMP CROWN FORMS NI-CHRO (5/BX),10.07
3MD-ELL6,3M ESPE TEMP CROWN FORMS NI-CHRO (5/BX),0
3MD-ELR3,3M ESPE TEMP CROWN FORMS NI-CHRO (5/BX),9.63
3MD-ELR4,3M ESPE TEMP CROWN FORMS NI-CHRO (5/BX),9.63
3MD-ELR5,3M ESPE TEMP CROWN FORMS NI-CHRO (5/BX),10.07
3MD-ELR6,3M ESPE TEMP CROWN FORMS NI-CHRO (5/BX),14.93
3MD-ELR7,3M ESPE TEMP CROWN FORMS NI-CHRO (5/BX),14.91
3MD-EUL3,3M ESPE TEMP CROWN FORMS NI-CHRO (5/BX),9.63
3MD-EUL4,3M ESPE TEMP CROWN FORMS NI-CHRO (5/BX),10.07
3MD-EUL5,3M ESPE TEMP CROWN FORMS NI-CHRO (5/BX),10.07
3MD-EUR2,3M ESPE TEMP CROWN FORMS NI-CHRO (5/BX),14.91
3MD-EUR3,3M ESPE TEMP CROWN FORMS NI-CHRO (5/BX),10.07
3MD-EUR4,3M ESPE TEMP CROWN FORMS NI-CHRO (5/BX),9.63
3MD-EUR5,3M ESPE TEMP CROWN FORMS NI-CHRO (5/BX),14.05
3MD-EUR6,3M ESPE TEMP CROWN FORMS NI-CHRO (5/BX),11.9
3MD-ND96,3M ESPE TEMP CROWN FORMS NI-CHRO KIT (96/BX),219.51
3MD-P10,3M ESPE TEMP CROWN FORMS POLYCARBONATE (5/BX),4.75
3MD-P100,3M ESPE TEMP CROWN FORMS POLYCARBONATE (5/BX),0
3MD-P19,3M ESPE TEMP CROWN FORMS POLYCARBONATE (5/BX),4.75
3MD-P40,3M ESPE TEMP CROWN FORMS POLYCARBONATE (5/BX),4.75
3MD-P41,3M ESPE TEMP CROWN FORMS POLYCARBONATE (5/BX),4.75
3MD-P42,3M ESPE TEMP CROWN FORMS POLYCARBONATE (5/BX),4.75
3MD-P43,3M ESPE TEMP CROWN FORMS POLYCARBONATE (5/BX),4.75
3MD-P51,3M ESPE TEMP CROWN FORMS POLYCARBONATE (5/BX),4.75
3MD-P60,3M ESPE TEMP CROWN FORMS POLYCARBONATE (5/BX),0
3MD-PO96,3M ESPE TEMP CROWN FORMS NI-CHRO KIT (96/BX),222.25
3MD-U43,3M ESPE TEMP CROWN FORMS ISO (5/BX),0.25
3MM-1527-0(EU),3M MEDICAL TRANSPORE SURGICAL TAPE 1/2' 24/BX,5.78
3MM-1527-1,3M MEDICAL TRANSPORE SURGICAL TAPE 1' 12/BX,4.73
3MM-1527-1(6),3M MEDICAL TRANSPORE SURGICAL TAPE 1' 6/PACK,2.75
3MM-1527-1(EU),3M MEDICAL TRANSPORE SURGICAL TAPE 1' 12/BX,5.51
3MM-1527-2,3M MEDICAL TRANSPORE SURGICAL TAPE 2' 6ROLLS/BX,4.76
3MM-1527-2(EU),3M MEDICAL TRANSPORE SURGICAL TAPE 2' 6/BX,5.51
3MM-1537,3M MEDICAL NEXCARE OPTICLUDE EYE PATCH 2.44' X 1.81' 20/BX,1.98
3MM-1537#,3M MEDICAL NEXCARE OPTICLUDE EYE PATCH 2.44' X 1.81' 20/BX,0
3MM-1539,3M MEDICAL NEXCARE OPTICLUDE EYE PATCH 3.18' X 2.18' 20/BX,2.75
3MM-1622W,3M MEDICAL TEGADERM DRESSING 4.4CMX4.4CM 100/BOX,13.83
3MM-1624W,3M MEDICAL TEGADERM DRESSING 6CMX7CM 100/BOX,9.81
3MM-1624W#,3M MEDICAL TEGADERM DRESSING 6CMX7CM 100/BOX,0
3MM-1624W(10),3M MEDICAL TEGADERM DRESSING 6CMX7CM 10/PACK,0
3MM-1624W(10)#,3M MEDICAL TEGADERM DRESSING 6CMX7CM 10/PACK,1.29
3MM-1624W(20),3M MEDICAL TEGADERM DRESSING 6CMX7CM 20/PACK,0
3MM-1624W(50),3M MEDICAL TEGADERM DRESSING 6CMX7CM 50/PACK,6.475
3MM-1626W,3M MEDICAL TEGADERM DRESSING 10CMx12CM 50/BOX,9.82
3MM-1626W(10),3M MEDICAL TEGADERM DRESSING 10CMx12CM 10/PACK,0
3MM-1628,3M MEDICAL TEGADERM DRESSING 15CMx20CM 10/BOX,7.92
3MM-2113,3M MEDICAL LITTMANN STETHOSCOPE CLASSIC II BLACK TUBE 28',52.48
3MM-2113R,3M MEDICAL LITTMANN STETHOSCOPE CLASSIC II RED TUBE 28',52.48
3MM-2146,3M MEDICAL LITTMANN STETHOSCOPE CLASSIC II BURGUNDY TUBE 27',54.24
3MM-2155,3M MEDICAL LITTMANN STETHOSCOPE CLASSIC II ORANGE TUBE 28',54.24
3MM-2161,3M MEDICAL LITTMANN STETHOSCOPE M C BLACK EDITION TUBE 27',124.02
3MM-2163,3M MEDICAL LITTMANN STETHOSCOPE MASTER C BURGUNDY TUBE 27',120
3MM-2164,3M MEDICAL LITTMANN STETHOSCOPE MASTER C NAVY BLUE TUBE 27',120
3MM-2165,3M MEDICAL LITTMANN STETHOSCOPE M C HUNTER GREEN TUBE 27',123.55
3MM-2178,3M MEDICAL LITTMANN STETHOSCOPE M C  CARIBBEAN BLUE TUBE 27',123.55
3MM-2560,3M MEDICAL RED DOT MONITORING ELECTRODE FOAM,3.23
3MM-2862,3M MEDICAL MEDIPORE H SURG TAPE 5CM X 9.1M 12ROLL/CS,2.18
3MM-2863,3M MEDICAL MEDIPORE H SURG TAPE 7.5CM X 9.1M 12/CS,2.36
3MM-2864,3M MEDICAL MEDIPORE H SURG TAPE 10CM X 9.1M 12/CS,35.5
3MM-2866,3M MEDICAL MEDIPORE H SURG TAPE 15CM X 9.1M 12/CS,48.15
3MM-3346(E),3M MEDICAL CAVILON NO STING BARRIER FILM  28ML BOTTLE 12/PK,4.78
3MM-3392G,3M MEDICAL CAVILON BARRIER CREAM TUBE 92GM 12/CS,6.125
3MM-5620,3M MEDICAL LITTMANN STETHOSCOPE CLASSIC III BLACK TUBE 27',60.46
3MM-6151,3M MEDICAL LITTMANN STETHOSCOPE CARDIO IV BLACK TUBE 22',116.52
3MM-6152,3M MEDICAL LITTMANN STETHOSCOPE CARDIO IV BLACK TUBE 27',116.96
3MM-6153,3M MEDICAL LITTMANN STETHOSCOPE CARDIO IV BURGUNDY TUBE 27',116
3MM-6153#,3M MEDICAL LITTMANN STETHOSCOPE CARDIO IV BURGUNDY TUBE 27',0
3MM-6155,3M MEDICAL LITTMANN STETHOSCOPE CARDIO IV HUN GREEN TUBE 27',116.52
3MM-6156,3M MEDICAL LITTMANN STETHOSCOPE CARDIO IV PLUM TUBE 27',116.52
3MM-6157,3M MEDICAL LITTMANN STETHOSCOPE CARDIO IV CARI BLUE TUBE 27',116
3MM-6158,3M MEDICAL LITTMANN STETHOSCOPE CARDIO IV RASPBERRY TUBE 27',116.52
3MM-6165,3M MEDICAL LITTMANN STETHOSCOPE CARDIO IV RB BLACK TUBE 27',116.96
3MM-6166,3M MEDICAL LITTMANN STETHOSCOPE CARDIO IV SMOKE PLUM TUBE 27',116.96
3MM-6168,3M MEDICAL LITTMANN STETHOSCOPE CARDIO IV NAVY BLUE TUBE 27',116.52
3MM-AC-036,3M MEDICAL NEXCARE ACNE ABSORBING COVER 36/BX,2.31
3MM-B1550,3M MEDICAL STERI STRIP BLEND TONE SKIN CLOSURE 1/8X3' 50/PK,9.1
3MM-B1551,3M MEDICAL STERI STRIP BLEND TONE SKIN CLOSURE 1/4X3' 50/PK,9.1
3MM-B1557,3M MEDICAL STERI STRIP BLEND TONE SKIN CLOSURE 1/2X4' 50/PK,16.89
3MM-H1546,3M MEDICAL STERI STRIP  SKIN CLOSURE 1/4X4' 30/PK,1.81
3MM-H1547,3M MEDICAL STERI STRIP  SKIN CLOSURE 1/2X4' 18/PK,1.81
3MM-H1624,3M MEDICAL TEGADERM TRANSPARENT DRESSING 2-3/8 X 2-3/4 8/PK,1.84
3MM-H1626,3M MEDICAL TEGADERM TRANSPARENT DRESSING 4X4 3/4 4/PK,2.52
3MM-R1540,3M MEDICAL STERI STRIP 1/8X3 50/BX,8.57
3MM-R1540(10),3M STERI STRIP SKIN CLOSURES 1/8X3 10 PACK,1.9
3MM-R1541,3M MEDICAL STERI STRIP 1/4X3 50/BX,8.51
3MM-R1541(10),3M MEDICAL STERI STRIP 1/4X3 10 PACK,1.74
3MM-R1541(20),3M MEDICAL STERI STRIP 1/4X3 20 PACK,3.48
3MM-R1541+R1547(10 Pack/5 Each),3M MEDICAL STERI STRIP 1/4X3 + 1/2X4 10 PACK,0
3MM-R1542,3M MEDICAL STERI STRIP 1/4X11/2 50/BOX,10.51
3MM-R1542(5),3M MEDICAL STERI STRIP 1/4X11/2 5 PACK,0
3MM-R1546,3M MEDICAL STERI STRIP 1/4X4 50/BOX,13.28
3MM-R1546(5),3M MEDICAL STERI STRIP 1/4X4 5 PACK,0
3MM-R1547,3M MEDICAL STERI STRIP 1/2X4 50/BOX 10/PK,13.37
3MM-R1547(10),3M MEDICAL STERI STRIP 1/2X4 10 PACK,0
3MM-R1548,3M MEDICAL STERI STRIP 1X5 25/BOX,13.41
3MM-R1548(5),3M MEDICAL STERI STRIP 1X5 5 PACK,0
3MM-SLT-1,3M MEDICAL NEXCARE SENSITIVE SKIN TAPE 1' X 4 YD,2.93
ACC-33015-3,ACCUTRON PERSONAL INHALER PLUS VARIETY PK LRG 24/PK,28.19
ACC-33016-1,ACCUTRON PERSONAL INHALER PLUS #1 VARIETY PK MED 24/PK,28.19
ACC-33016-2,ACCUTRON PERSONAL INHALER PLUS #2 VARIETY PK MED 24/PK,28.19
ACC-33016-3,ACCUTRON PERSONAL INHALER PLUS MEDIUM VARIETY,28.19
ACC-33017-1,ACCUTRON PERSONAL INHALER PLUS #1 VARIETY PK SML 24/PK,28.19
ACC-33017-11,ACCUTRON PERSONAL INHALER PLUS SMALL STRAWBERRY,28.19
ACC-33017-12,ACCUTRON PERSONAL INHALER PLUS SMALL BUBBLEGUM,28.2
ACC-33017-17,ACCUTRON PERSONAL INHALER PLUS SMALL GRAPE,28.19
ACT-261001,"EXPASYL STRAWBERRY, 20 CAP REFILL",93.25
ACT-261005,"EXPASYL  APPLICATOR TIPS, 100 TIPS STRAIGHT",56.1
ACT-261030,ACTEON EXPASYL CAPSULE STANDARD 20/PK,93.26
ACT-F00245,ACTEON SATELEC INSERT NO. 1S 1/PK,32.71
ACT-F00246,ACTEON SATELEC INSERT NO. 1 1/PK,33.45
ACT-F00247,ACTEON SATELEC INSERT NO. 2 1/PK,32.36
ACT-F00253,ACTEON SATELEC INSERT NO. 10P ZEG 1/PK,34.79
ACT-F00254,ACTEON SATELEC INSERT SUBGINGIVAL NO. 10Z 1/PK,32.71
ACT-F00369,ACTEON SATELEC INSERT UNIVERSAL NO. H3 1/PK,44.66
ATI-GG3/28,ATI GATES GLIDDEN DRILLS SIZE 3 28MM SHORT 6/PK,4.08
ATI-HP200,Midwest Type High-Speed 4-Hole Handpiece with Push Button Chuck. 1,55
BEA-FG1/2,BEAVER BURS FG1/2 100/PK,57.77
BEA-FG1/4,BEAVER BURS FG1/4 100/PK,57.77
BEA-FG1157,BEAVER BURS FG1157 100/PK,56.64
BEA-FG1557,BEAVER BURS FG1557 100/PK,57.79
BEA-FG169,BEAVER BURS FG169 100/PK,0
BEA-FG170,BEAVER BURS FG170,0
BEA-FG2,BEAVER BURS FG2 100/PK,56.65
BEA-FG245,BEAVER BURS FG245 100/PK,58.96
BEA-FG3,BEAVER BURS FG3 100/PK,57.7
BEA-FG330,BEAVER BURS FG330 100/PK,58.96
BEA-FG331,BEAVER BURS FG331 100/PK,57.77
BEA-FG332,Beaver Burs FG332 100/Pk,57.77
BEA-FG34,BEAVER BURS FG34 100/PK,55.41
BEA-FG4,BEAVER BURS FG4 100/PK,57.81
BEA-FG556,BEAVER BURS FG556 100/PK,55.43
BEA-FG557,BEAVER BURS FG557 100/PK,58.96
BEA-FG557L,BEAVER BURS FG557L 100/PK,56.65
BEA-FG558,BEAVER BURS FG558 100/PK,57.81
BEA-FG6,BEAVER BURS FG6 100/PK,57.77
BEA-FG700,BEAVER BURS FG700 100/PK,56.63
BEA-FG701,BEAVER BURS FG701 100/PK,57.78
BEA-FG702,BEAVER BURS FG702 100/PK,0
BEA-FGOS557,BEAVER BURS FGOS557 100/PK,99.2
BEA-FGOS701,BEAVER BURS FGOS701 100/PK,99.2
BEA-FGOS702,BEAVER BURS SURGICAL FGOS702 100/PK,95.318
BEA-FGSS330,BEAVER BURS FGSS330 100/PK,57.78
BEA-FGSS331,BEAVER BURS FGSS331 100/PK,58.96
BEA-FGSS4,BEAVER BURS FGSS4 100/PK,57.77
BEA-FGSS557,BEAVER BURS FGSS557 100/PK,56.06
BEA-RA2,BEAVER BURS RA2 100/PK,63.04
BEA-RA3,BEAVER BURS RA3 100/PK,64.28
BEA-RA4,BEAVER BURS RA4 100/PK,63.02
BEA-RA6,BEAVER BURS RA6 100/PK,63.04
BEA-RA8,BEAVER BURS RA8 100/PK,63.04
BEA-RAOS2,BEAVER BURS RAOS2 100/PK                                    ..,97.2
BEA-RAOS4,BEAVER BURS RAOS4 100/PK                                    ..,97.26
BEA-TF7006,BEAVER BURS TF7006 100/PK,184.14
BEA-TF7214,BEAVER BURS TF7214 100/PK,180.48
BEA-TF7404,BEAVER BURS TF7404 100/PK,184.09
BEA-TF7406,BEAVER BURS TF7406 100/PK,184.22
BEA-TF7408,BEAVER BURS TF7408 100/PK                                   ..,184.08
BEA-TF7901,BEAVER BURS TF7901 100/PK,184.1
BEA-TF7902,BEAVER BURS TF7902 100/PK,184.08
BEU-0283-0293-31,BEUTLICH HURRICANE TOPICAL GEL WATERMELON 1OZ 12/CS,4.43
BEU-0283-0679-02,BEUTLICH HURRICANE TOPICAL SPRAY WILD CHERRY 2OZ,15.09
BEU-0283-0871-31,BEUTLICH HURRICANE TOPICAL GEL WILD CHERRY 1OZ 12/CS,4.43
BRO-HBMC-R,BRO HAIRFINITY BALANCED MOISTURE CONDITIONER 12 FL OZ,8.03
BRO-HDFB-R,BRO HAIRFINITY DAMAGE DEFENSE COLLAGEN BOOSTER 30 CAP,8.92
BRO-HGCS-R,BRO HAIRFINITY GENTLE CLEANSE SHAMPOO 12 FL OZ,8.27
BRO-HIES-R,BRO HAIRFINITY INFINITE EDGES SERUM 0.24 FL OZ,13.96
BRO-HNBO-R,BRO HAIRFINITY NOURISHING BOTANICAL OIL 1.76 FL OZ,11.76
BRO-HRLC-R,BRO HAIRFINITY REVITALIZING LEAVE-IN CONDITIONER 8 FL OZ,9.72
BRO-HSAM-R,BRO HAIRFINITY STRENGTHENING AMINO MASQUE 8 FL OZ,10.36
BSN-76168,BSN MEDICAL LEUKOTAPE 1.5'X15 YD 30ROLLS/CS,6.44
CHI-BS3012,CHI BIOSILK SILK THERAPY 350ML,14.36
CHI-CHI0112,CHI INFRA TREATMENT 300ML,4.74
CHI-CHI0212,CHI KERATIN MIST 12OZ,4.74
CHI-CHI0312,CHI SILK INFUSION RECONSTRUCTING COMPLEX 12OZ,13.75
CHI-CHI5008,CHI IRON GUARD 44 8.5OZ,4.74
CON-125264(E),CONVATEC SUR-FIT 2PC STOMAHESIVE SKIN BARRIER TAN 45MM 10/BX,12.64
CON-125265(E),CONVATEC SUR-FIT 2PC STOMAHESIVE SKIN BARRIER TAN 57MM 10/BX,12.64
CON-183910,CONVATEC STOMAHESIVE PASTE 2 OZ. TUBE 1/BX,4.83
CON-183910E,CONVATEC STOMAHESIVE PASTE 2 OZ. TUBE 35/CASE,3.45
CON-187660,CONVATEC DUODERM CGF STERILE DRESSING 4x4 5/BX,7.3
CON-187661,CONVATEC DUODERM CGF STERILE DRESSING 6x6 5/BX,19.19
CON-187955,CONVATEC DUODERM CGF EXTRA THIN DRESSING 4x4 10/BX,14.39
CON-22771,CONVATEC ACTIVE LIFE STOMAHESIVE 1PC POUCH 19-64MM 10/BX,18.85
CON-413155,CONVATEC SUR-FIT NATURA DURAHESIVE CUTTOFIT 1-3/4' 45M 10/BX,28.04
CON-420671,CONVATEC AQUACEL EXTRA HYDROFIBER 5X5 10/BX,11.75
CON-420676,CONVATEC AQUACEL AG EXTRA DRESSING HYDROFIBER 10X10 CM,0
CON-420680,CONVATEC AQUACEL FOAM DRESSING 4X4 10/BX,18.46
COV-8881400058,COVIDIEN MONOJECT NEEDLE 27 LONG PLASTIC,7.73
COV-8881400074,COVIDIEN MONOJECT NEEDLE 30 SHORT PLASTIC,7.73
COV-8881401056,COVIDIEN MONOJECT NEEDLE 27 LONG METAL,8.03
COV-8881401072,COVIDIEN MONOJECT NEEDLE 30 SHORT METAL,8.03
COV-8881412012,COVIDIEN MONOJECT SYRINGE 412 CURVED TIP DISPOSABLE 12ML,7.6
COV-8881450004,COVIDIEN MONOJECT SALIVA EJECTOR 450 250/BX,13.77
COV-8881471232,COVIDIEN MONOJECT NEEDLES ENDO IRRIGATION 23 GAUGE 25 /BX,5.64
COV-8881511110,COVIDIEN MONOJECT SYRINGE INSULINE SAFETY W NEEDLE 1ML 29G,8.21
COV-8881513843(E),COVIDIEN MONOJECT SYRINGE W/ HYPO NEEDLE 23 GAUGE,12.53
COV-8881513843(EU),COVIDIEN MONOJECT SYRINGE ENDO IRRIGATION 23 GAUGE,13.73
COV-8881513850(E),COVIDIEN MONOJECT SYRINGE ENDO IRRIGATION 27 GAUGE,13.73
CRA-CR3226,CRANBERRY GLOVES CONTOUR PLUS NITRILE PF SMALL,3.4
CRA-CR3227,CRANBERRY GLOVES CONTOUR PLUS NITRILE PF MEDIUM,3.4
CRA-CR3336,CRANBERRY GLOVES LUV NITRILE PF SMALL,6.44
CRA-CR3446,CRANBERRY GLOVES AQUA SOURCE NITRILE PF SMALL,6.33
CRA-CR7815,CRANBERRY GLOVES SILKCARE LATEX PF EXTRA SMALL,3.42
CRA-CR7816,CRANBERRY GLOVES SILKCARE LATEX PF  SMALL,0
CRA-CR7817,CRANBERRY GLOVES SILKCARE LATEX PF  MEDIUM,3.43
CWH-250007AA,COLTENE-WHALEDENT DIATECH SHAPENING & FINISHING KIT         ..,26.5
CWH-4970,COLTENE-WHALEDENT SPEEDEX PUTTY C  SILICONE 910 ML,10.38
CWH-60019803,COLTENE-WHALEDENT DIATECH AESTHETIC DENT BUR KIT            ..,36.65
CWH-H00750,COLTENE-WHALEDENT DAM 6X6 NON-LATEX PURPLE 20/PK,32.05
CWH-H00805,COLTENE-WHALEDENT WAX BASEPLATE RED 1LB/BX,9.51
CWH-H00806,COLTENE-WHALEDENT WAX BASEPLATE PINK MED SOFT #3 1LB,0
CWH-H00815,COLTENE-WHALEDENT WAXBOXING RED REG,17.37
CWH-H00818,COLTENE-WHALEDENT WAX UTILITY STRIPS WHITE 80/BX,7.64
CWH-H00819,COLTENE-WHALEDENT WAX SQUARE ROPES RED 44/BX,7.59
CWH-H00820,COLTENE-WHALEDENT WAX SQUARE ROPES WHITE 44/BX,7.54
CWH-H00825,COLTENE-WHALEDENT WAX BITE WAFERS LIGHT BLUE,9.58
CWH-H00827,COLTENE-WHALEDENT WAX STICKS ORTHODONTIC TRAY,0
CWH-H00839,COLTENE-WHALEDENT WAX BITE WAFERS LEMON YELLOW,10.27
CWH-H01223,COLTENE-WHALEDENT GUTTA PERCHA POINTS MED/FINE 20VL,5.48
CWH-H01415,COLTENE-WHALEDENT RUBBER DAM NAPKINS FRAME SIZE 5&6',8.83
CWH-H02146,COLTENE-WHALEDENT DAM 6X6 GREEN THIN RUBBER,8.09
CWH-H02147,COLTENE-WHALEDENT DAM 6X6 GREEN MEDIUM RUBBER,8.76
CWH-H04642,COLTENE-WHALEDENT DAM 6X6 FIESTA MEDIUM RUBBER,6.83
CWH-H05032,COLTENE-WHALEDENT ENDO ICE SPRAY,8.08
CWH-H05690,COLTENE-WHALEDENT GLOSS FINISH WINGED CLAMP #14,4.54
CWH-H09105,COLTENE-WHALEDENT DAM 6X6 NON-LATEX,16.71
CWH-H09928,COLTENE-WHALEDENT DAM 5X5 GREEN NON-LATEX,13.56
CWH-H09945,COLTENE-WHALEDENT DAM 6X6 FLEXI NON-LATEX,22.28
CWH-H09946,COLTENE-WHALEDENT DAM 6X6 FLEXI NON-LATEX GREEN,22.08
CWH-L-721,COLTENE WHALEDENT TMS LINK PLUS SS SINGLE KIT,56.19
CWH-P-244-3,COLTENE WHALEDENT PARAPOST PLUS SS #3 (10/PK),41.32
CWH-P-244-4,COLTENE WHALEDENT PARAPOST PLUS SS #4 (10/PK),41.32
CWH-P-244-5.5,COLTENE WHALEDENT PARAPOST PLUS SS #5.5 (10/PK),41.14
CWH-P-42-3,COLTENE WHALEDENT PARAPOST DRILL #3 (3/PK),23.23
CWH-P-42-4,COLTENE WHALEDENT PARAPOST DRILL #4 (3/PK),23.23
CWH-P-42-4.5,COLTENE WHALEDENT PARAPOST DRILL #4.5 (3/PK),23.23
CWH-P-42-5,COLTENE WHALEDENT PARAPOST DRILL #5 (3/PK),22.82
CWH-P-44-3,COLTENE WHALEDENT PARAPOST SS #3 (10/PK),43.58
CWH-P-44-4,COLTENE WHALEDENT PARAPOST SS #4 (10/PK),43.58
CWH-P-44-4.5,COLTENE WHALEDENT PARAPOST SS #4.5 (10/PK),0
CWH-P-44-5,COLTENE WHALEDENT PARAPOST SS #5 (10/PK),41.13
CWH-P-683-0,COLTENE WHALEDENT PARAPOST XT #3 (10/PK),44.53
CWH-P-684-0,COLTENE WHALEDENT PARAPOST XT #4 (10/PK),48.32
CWH-P-684-5,COLTENE WHALEDENT PARAPOST XT #4.5 (10/PK),46.82
CWH-P-685-0,COLTENE WHALEDENT PARAPOST XT #5 (10/PK),46.17
CWH-P-88-3,COLTENE WHALEDENT PARAPOST XH TITANIUM #3 (10/PK),48.73
CWH-P-88-4,COLTENE WHALEDENT PARAPOST XH TITANIUM #4 (10/PK),48.75
CWH-P-88-5,COLTENE WHALEDENT PARAPOST XH TITANIUM #5 (10/PK),48.75
CWH-PF-161-4.5,COLTENE WHALEDENT PARAPOST FIBER WHITE #4.5 (5/PK),26.33
CWH-PF-161-5,COLTENE WHALEDENT PARAPOST FIBER WHITE #5 (5/PK),26.35
CWH-PF-171-3,COLTENE WHALEDENT PARAPOST FIBER LUX WHITE #3 (5/PK),26.85
CWH-PF-171-4,COLTENE WHALEDENT PARAPOST FIBER LUX YELLOW #4 (5/PK),27.38
CWH-PF-171-4.5,COLTENE WHALEDENT PARAPOST FIBER LUX BLUE #4.5 (5/PK),24.48
CWH-PF-171-5,COLTENE WHALEDENT PARAPOST FIBER LUX RED #5 (5/PK),27.38
CWH-PF-171-5.5,COLTENE WHALEDENT PARAPOST FIBER LUX PURPLE #5.5 (5/PK),24.48
CWH-PF-171-6,COLTENE WHALEDENT PARAPOST FIBER LUX BLACK #6 (5/PK),24.48
CWH-PF-180,COLTENE WHALEDENT PARAPOST TAPER  LUX INTRO KIT,111.03
CWH-PF-181-4.5,COLTENE WHALEDENT PARAPOST TAPER LUX WHITE #4.5 (5/PK),24.48
CWH-UC-30,COLTENE WHALEDENT BIOSONIC GENERAL PURPOSE CLEANER,13.95
CWH-UC-32,COLTENE WHALEDENT BIOSONIC ENZYMATIC CLEANER,14.08
CWH-UC-38,COLTENE WHALEDENT BIOSONIC DISINFECTANT CLEANER,13.35
DAN-15201,DANVILLE ALUMINUM OXIDE 90 MICRON BOTTLE TAN 1LB,6.35
DAN-15301,DANVILLE ALUMINUM OXIDE 50 MICRON BOTTLE WHITE 1LB,6.1
DAN-21000-03,DANVILLE MICROETCHER ERC MICRO SANDBLASTER W/ TIP,107.69
DAN-85051,DANVILLE STARTFLOW SYRINGE 5 GM A1,19.49
DAN-85052,DANVILLE STARTFLOW SYRINGE 5 GM A2,19.49
DAN-87001,DANVILLE MICROPRIME B DESENSITIZER BOTTLE 10ML,25.4
DAN-89432,DANVILLE THIN FLEX MATRICES SMALL 100/PK,19.05
DAN-89434,DANVILLE THIN FLEX MATRICES LARGE 100/PK,18.3
DAN-90157,DANVILLE TURBO TEMP 2 CROWN & BRIDGE MATERIAL 76GM A2       ..,53.33
DAN-90471,DANVILLE STARTFLOW SYRINGE 5 GM B1,19.5
DAN-90814,DANVILLE MICROPRIME G DESENSITIZING AGENT 35%,28
DAN-91024,DANVILLE PRELUDE SELF-ETCH REFILL 5ML,51.28
DAN-91074,DANVILLE ULTRA THIN FLEX MATRICES LARGE 100/PK,22.23
DAN-91139,DANVILLE ULTRA THIN FLEX MATRICES SMALL 100/PK,23.23
DAN-92964,DANVILLE TURBO TEMP 2 CROWN & BRIDGE MATERIAL 76GM A3,52.86
DAN-93324,DANVILLE TURBO TEMP 3 CROWN & BRIDGE MATERIAL 76GM A2       ..,53.33
DEN-122210,DENTSPLY SANI-TIP 250/BAG,39.74
DEN-122210(E),DENTSPLY SANI-TIP 250/BAG,0
DEN-122215,DENTSPLY SANI-TIP BULK REFILL 1500/BX,237.01
DEN-122215-250,DENTSPLY SANI-TIP 250/BX  TIPS ONLY,39.5
DEN-226180,DENTSPLY EZ-VIEW GREEN MASKED  8H 6V 4BW,51.12
DEN-540293,DENTSPLY SNAP A RAY FILM HOLDER 1/PK                        ..,6.85
DEN-540858,DENTSPLY XPC POSTERIOR YELLOW PINS STAINLESS STEEL ARM,22.49
DEN-540860,DENTSPLY XPC POSTERIOR YELLOW AIMING RING,5.47
DEN-540927,DENTSPLY XPC BITEWING RED PINS STAINLESS STEEL ARM,22.5
DEN-540934,DENTSPLY XPC BITEWING RED AIMING RING,5.46
DEN-550294,RINN EEZEE GRIP DIGITAL SENSOR HOLSTER,46.07
DEN-550773,DENTSPLY XCP ORA RING                                       ..,28.22
DEN-550774,DENTSPLY XCP ORA ARM                                        ..,46.07
DEN-605602,DENTSPLY JELTRATE-PLUS FAST-SET,8.22
DEN-60578320,DENTSPLY AQUASIL SOFT PUTTY REGULAR SET 2 X 450ML,44.67
DEN-608522,DENTSPLY JELTRATE FAST-SET,8.05
DEN-609001,DENTSPLY FYNAL CEMENT PACKAGE,46.66
DEN-610007,DENTSPLY IRM IVORY COMPLETE-KIT,22.48
DEN-610103,DENTSPLY ZOE B&T,45.08
DEN-610200,DENTSPLY IRM CAPS 50/PK,55.04
DEN-61605002,DENTSPLY VISCO-GEL BOTTLE STANDARD PACK,47.26
DEN-619500,DENTSPLY REGISIL 2X CARTRIDGE,56.68
DEN-61C101P,DENTSPLY SUREFIL SDR FLOW + COMPULA REFILL UNIVERSAL,45.88
DEN-624045X,DENTSPLY ENHANCE FINISHING REFILL DISCS (30/BX),31.28
DEN-624055X,DENTSPLY ENHANCE FINISHING REFILL CUPS (30/BX),34.42
DEN-626155,DENTSPLY TRAY ADHESIVE,13.11
DEN-626210,DENTSPLY REPROSIL CARTRIDGE REG. BODY,0
DEN-626220,DENTSPLY REPROSIL CARTRIDGE HEAVY BODY,68.57
DEN-626600,DENTSPLY REPROSIL CARTRIDGE LIGHT BODY,0
DEN-630617,DENTSPLY ESTHET-X HD COMPULES A1 (20/BX),41.82
DEN-630618,DENTSPLY ESTHET-X HD COMPULES A2 (20/BX),41.82
DEN-630619,DENTSPLY ESTHET-X HD COMPULES A3 (20/BX),44.8
DEN-631400,DENTSPLY PRISMA GLOSS PASTE FINE,31.06
DEN-634352-6,DENTSPLY PRIME & BOND NT REFILL KIT,105.29
DEN-648021,DENTSPLY ESTHET-X FLOW SYRINGE REFILL A2 2/PK,19.79
DEN-656-2891,DENTSPLY DISPERSALLOY 1 SPILL REGULAR SET 50/BX,41.03
DEN-659010,DENTSPLY PALODENT MATRIX REFILL STANDARD 100/PK,32.52
DEN-659020,DENTSPLY PALODENT MATRIX REFILL MINI 50/PK,21.68
DEN-659720V,DENTSPLY PALODENT V3 MATRICE REFILL 4.5MM 50/PK,35.5
DEN-659730V,DENTSPLY PALODENT V3 MATRICE REFILL 5.5MM 50/PK,37.97
DEN-659740V,DENTSPLY PALODENT V3 MATRICE REFILL 5.5MM 100/PK,62.83
DEN-659790V,DENTSPLY PALODENT V3 WEDGE REFILL MEDIUM 100/PK,38.43
DEN-66002861,DENTSPLY DISPERSALLOY 1 SPILL FAST SET,41.1
DEN-66002862,DENTSPLY DISPERSALLOY 2 SPILL FAST SET,45.31
DEN-66002891,DENTSPLY DISPERSALLOY 1 SPILL REGULAR SET,36.28
DEN-66002892,DENTSPLY DISPERSALLOY 2 SPILL REGULAR SET,45.61
DEN-663001,DENTSPLY AUTOMATRIX MED THIN REFILLS,31.5
DEN-663002,DENTSPLY AUTOMATRIX NARROW REGULAR REFILLS,31.5
DEN-663003,DENTSPLY AUTOMATRIX MED REG REFILLS,31.51
DEN-663004,DENTSPLY AUTOMATRIX WIDE REGULAR REFILLS,0
DEN-666210,DENTSPLY INTEGRITY REFILL PK A1,82.59
DEN-666220,DENTSPLY INTEGRITY REFILL PK A2,85
DEN-666230,DENTSPLY INTEGRITY REFILL PK A3.5,0
DEN-666240,DENTSPLY INTEGRITY REFILL PK B1,0
DEN-678768,DENTSPLY AQUASIL ULTRA REFILLS XLV REGULAR SET,48.52
DEN-678771,DENTSPLY AQUASIL ULTRA REFILLS LV REGULAR SET,48.52
DEN-678773,DENTSPLY AQUASIL ULTRA REFILLS MONOPHASE REGULAR SET,48.52
DEN-678774,DENTSPLY AQUASIL ULTRA REFILLS MONOPHASE FAST SET,54.08
DEN-678775,DENTSPLY AQUASIL ULTRA REFILLS HEAVY REGULAR SET,48.52
DEN-678776,DENTSPLY AQUASIL ULTRA REFILLS HEAVY FAST SET,56.78
DEN-801211,DENTSPLY NUPRO PROPHY PASTE ORANGE CUPS COARSE,0
DEN-801212,DENTSPLY NUPRO PROPHY PASTE MINT CUPS COARSE,0
DEN-801222,DENTSPLY NUPRO PROPHY PASTE MINT CUPS MEDIUM,0
DEN-801227,DENTSPLY NUPRO PROPHY PASTE GRAPE CUPS COARSE,23.9
DEN-801232,DENTSPLY NUPRO PROPHY PASTE MINT CUPS FINE,25.85
DEN-801299,DENTSPLY NUPRO PROPHY PASTE MINT CUPS PLUS,23.89
DEN-801306,DENTSPLY NUPRO PROPHY PASTE COOKIE DOUGH CUPS COARSE,23.9
DEN-801309,DENTSPLY NUPRO PROPHY PASTE RAZZBERRY CUPS COARSE,0
DEN-801322,DENTSPLY NUPRO PROPHY PASTE CHERRYBLAST CUPS COARSE,23.9
DEN-80392,DENTSPLY CAVITRON 25K FSI SLI 10S,69.5
DEN-80393,DENTSPLY CAVITRON 25K FSI SLI 10L,68.16
DEN-80395,DENTSPLY CAVITRON 30K FSI SLI-10S,69.85
DEN-80396,DENTSPLY CAVITRON 30K FSI SLI-10L,69.72
DEN-80397,DENTSPLY CAVITRON 30K FSI SLI-10R,69.72
DEN-80796,DENTSPLY CAVITRON 25K FSI-1000,69.72
DEN-80799,DENTSPLY CAVITRON 30K FSI-1000,70.2
DEN-XTIP50,DENTSPLY XTIP 50PK REFILL,77.42
DER-31815,DERMA SCIENCES HYDROGEL ADHESIVE 1.5oz TUBE 1/BX 12/CS,5.94
DIA-202-603,DIADENT DIA PAPER POINTS FINE 200 BX,1.49
DIA-ML150-S602,DIADENT DIA PRO T GUTTA PERCHA #F2,2.05
DMG-110401,DMG LUXATEMP AUTOMIX PLUS REFILL A1,64.02
DMG-110402,DMG LUXATEMP AUTOMIX PLUS REFILL A2,68.09
EDS-130-0,ESSENTIAL DENTAL SYSTEMS FLEXI-POST SS YELLOW #0 10/PK,75
EDS-130-01,ESSENTIAL DENTAL SYSTEMS FLEXI-POST SS RED #1 10/PK,75
EDS-135-0,ESSENTIAL DENTAL SYSTEMS FLEXI-POST TI YELLOW #0 10/PK,74.99
EDS-135-01,ESSENTIAL DENTAL SYSTEMS FLEXI-POST TI RED #1 10/PK,74.99
EDS-140-0,ESSENTIAL DENTAL SYSTEMS FLEXI-POST SS YELLOW #0 30/PK,200.73
EDS-140-01,ESSENTIAL DENTAL SYSTEMS FLEXI-POST SS RED #1 30/PK,200.73
EDS-145-0,ESSENTIAL DENTAL SYSTEMS FLEXI-POST TI YELLOW #0 30/PK,200.73
EDS-145-01,ESSENTIAL DENTAL SYSTEMS FLEXI-POST TI RED #1 30/PK,180
ETL-02578,"ELTAMD UV PHYSICAL SPF 41, 85-GRAM",8.24
ETL-02578#,"DAMAGED ELTAMD UV PHYSICAL SPF 41, 85-GRAM",0
FFX-JB,FAIRFAX STABILOK ECONOMY KIT BLUE SMALL,62.33
FFX-JG,FAIRFAX STABILOK ECONOMY KIT GREEN MEDIUM,64.43
FFX-JO,FAIRFAX STABILOK ECONOMY KIT TI ORANGE MEDIUM,54.63
FFX-JY,FAIRFAX STABILOK ECONOMY KIT TI YELLOW SMALL,65.41
FFX-SB,FAIRFAX STABILOK STANDARD KIT  BLUE SS,11.95
FFX-SD,FAIRFAX STABIDENT ECONOMY KIT,93.91
FFX-SG,FAIRFAX STABILOK STANDARD KIT GREEN SS,11.76
FFX-SO,FAIRFAX STABILOK STANDARD KIT TI ORANGE MEDIUM,15.29
FFX-ST,FAIRFAX STABIDENT STANDARD KIT,23.98
FFX-SY,FAIRFAX STABILOK STANDARD KIT TI YELLOW SMALL,14.6
FX-JB,FAIRFAX STABILOK ECONOMY KIT BLUE SMALL,64.88
GCD-000101(E),GC FUJI II GLASS IONOMER SHADE #21 PALE YELLOW,49.54
GCD-000124,GC MIRACLE MIX CAPSULES 50/PK,116.43
GCD-000136,GC FUJI I CEMENT 1:1 PACKAGE LY..,69.53
GCD-000139,GC FUJI II LC CAPSULES A2,98.64
GCD-000140,GC FUJI II LC CAPSULES A3,98.64
GCD-000166,GC FUJI IX GP CAPSULES A2 50/PK,89.19
GCD-000213,GC FUJI IX GP FAST CAPSULE REFILL A3 50/PK,89.18
GCD-000218,GC FUJI PLUS CEMENT 1-1 PKG W/ CONDITIONER,61.09
GCD-000222,GC FUJI PLUS CAPSULES YELLOW 50/PK,102.58
GCD-000239,GC MIRACLE MIX COMPLETE-KIT,57.64
GCD-000240,GC FUJI I CAPSULES LIGHT YELLOW 50/PK,75.56
GCD-001418,GC FUJI PLUS CAPSULES A3 50/PK,100.92
GCD-001887,GC FUJI LINING LC PASTE REFILL PACKAGE,54.72
GCD-002258,GC FUJI CEM AUTOMIX REFILL PACKAGE                          ..,50.65
GCD-002535,GC FUJI IX GP EXTRA CAPSULE REFILL A2 (50/BX)               ..,101
GCD-003135,GC FUJI PLUS LUTING CEMENT,71.52
GCD-004203,GC G ANENIAL UNIVERSAL FLOW A2 REFILL,39.97
GCD-004204,GC G ANENIAL UNIVERSAL FLOW A3 REFILL,40.17
GCD-004205,GC G AENIAL UNIVERSAL FLOW A3.5 REFILL                      ..,40.17
GCD-004714,GC FUJICEM 2 PASTE PACK,102.09
GCD-004858,GC G-CEM LINKACE SYRINGE TRANSLUCENT 2/PK,81.63
GCD-004903,GC FIT CHECKER ADVANCED 1:1,39.8
GCD-004904,GC FIT CHECKER ADVANCED CARTRIDGE PACKAGE WHITE,47.44
GCD-011942,G-aenial Bond - 5 mL Bottle Refill.,63.42
GCD-135001,GC COE PAK STANDARD PACKAGE,28.74
GCD-250010,GC COE TRAY CLEANER 1.27LB,17.49
GCD-345001,GC KOOLINER RELINE COMPLETE,42.49
GLO-1004,GLO MINERALS PRESSED BASE NATURAL DARK,11.25
GLO-3503,GLO MINERALS CAMOUFLAGE OIL FREE NATURAL,6.43
GLO-3509,GLO MINERALS CORRECTIVE CAMOUFLAGE KIT,6.87
GLO-7100,GLO MINERALS PRECISION MICRO EYELINER BLACK,3.05
GSM-442090,GS MEDICAL PROFESSIONAL'S CHOICE STERIL-SURE POUCH 2.75'x10',2.9
GSM-442101,GS MEDICAL PROFESSIONAL'S CHOICE STERIL-SURE POUCH 3.5x10',0
HOL-14104,HOLLISTER NEW IMAGE FORMAFLEX 2-3/4' FLANGE BLUE 5/BX,12.77
HOL-14603,HOLLISTER NEW IMAGE FLEXTEND 57MM FLANGE 44MM CTF RED 5/BX,13.33
HOL-7331(E),HOLLISTER UROSTOMY DRAIN TUBE ADAPTER 10/BX,5.43
HOL-7805(E),HOLLISTER ADAPT BARRIER RING 2' 10/BOX,10.87
HOL-7806(E),HOLLISTER ADAPT BARRIER RING 4' 10/BOX,14.29
HOL-78500(E),HOLLISTER ADAPT LUBRICATING DEODORANT  8 OZ/BTL,0
HOL-7910(E),HOLLISTER KARAYA PASTE 4.5 OZ.,5.5
HOL-79300(E),HOLLISTER ADAPT PASTE 2 OZ TUBE,0
HOL-79520(E),HOLLISTER ADAPT BARRIER RING CONVEX 13/16 INCH 10/BX,11.38
HOL-79530(E),HOLLISTER ADAPT BARRIER RING CONVEX 1-3/16 INCH 10/BX,10.99
HOL-79540(E),HOLLISTER ADAPT BARRIER RING CONVEX 1-9/16 INCH 10/BX,10.99
HUF-EXD11/12,HU FRIEDY EXPLORER DE ODU 11/12,9.03
HUF-EXD3CH,HU FRIEDY EXPLORER DE #3CH,8.9
HUF-EXDEN16,HU FRIEDY EXPLORER DE#6 SATIN STEEL HANDLE,0
HUF-MIR4/12,HU FRIEDY FS CS MOUTH MIRROR SINGLE (12/BX),25
HUF-RCS25NT,HU FRIEDY ENDODONTIC SPREADER NICKEL TITANIUM #25NT SE,14.6
HUF-S13K/TG,HU FRIEDY CURETTE/CHISEL 13K/TG DE,16.88
HUF-S204S,HU FRIEDY SCALER SICKLE DE #204S,14.7
HUF-S204S9E2,HU FRIEDY SCALER EVEREDGE DE 204S #9 HANDLE,17.05
HUF-S204SD76,HU FRIEDY SCALER 204SD DE #7 SATIN STEEL COLOURS            ..,14.52
HUF-S204SD9E2,HU FRIEDY SCALER SICKLE #9 EVEREDGE,17.05
HUF-SG13/14R9E2,HU FRIEDY CURETTE GRACEY  RIGID #13/14R EVEREDGE #9 HANDLE,17.64
HUF-SH6/7,HU FRIEDY SCALER DE H6/H7 RESIN PURPLE,14.7
HUF-SH6/77,HU FRIEDY SCALER DE H6/H7 #7 HANDLE,15.48
HUF-SH6/79E2,HU FRIEDY EVEREDGE SCALER DE H6/H7 #9 HANDLE,17.05
HUF-SRP11/1293,"HU FRIEDY 11/12 AFTER FIVE GRACEY, #9 HDL, ORANGE",17.22
HUF-SS4,HU FRIEDY STONE FLAT ARKANSAS #4,18.18
HUF-SSO,HU FRIEDY STONE OIL SHARPEN-EZ 1FL.OZ,8.91
J&J-MS0005,J&J ETHICON SPONGOSTAN SPONGES GELATINE 24/BX,12.18
JJ-639G,J&J SUTURES SILK BLACK P-1 6-0 18' 12/BX,0
JJ-Y494G,J&J ETHICON SUTURES MONOCRYL UNDYED MONOFIL P3 4-0 18' 12/BX,0
KAV-0.411.9680(G),KAVO SPRAY 500 ML UNIVERSAL CN,17.76
KAV-0.411.9911,KAVO SPRAY NOZZLE QUICK,2.52
KEL-GEL15GM,KELO-COTE SCAR GEL 15 GM TUBE,16.26
KEL-GEL60GM,KELO-COTE SCAR GEL 60 GM TUBE,51.22
KER-00340,KERR SYBRON TUBLISEAL STANDARD PKG,0
KER-00370(E),KERR TEMP-BOND,15.13
KER-00370(EU),KERR TEMP-BOND,11.96
KER-01081,KERR SYBRON TUBLISEAL BULK 24/PK,253.42
KER-01081(1),"KERR SYBRON TUBLISEAL STANDARD PKG,WITH MIXING PAD",10.16
KER-06003,KERR SYBRON K-FILES 21MM #10,2.6
KER-06004,KERR SYBRON K-FILES 21MM #15,2.57
KER-06005,KERR SYBRON K-FILES 21MM #20,2.6
KER-06014,KERR SYBRON K-FILES 21MM #25,2.6
KER-06015,KERR SYBRON K-FILES 21MM #30,2.6
KER-06016,KERR SYBRON K-FILES 21MM #35,2.35
KER-06019,KERR SYBRON K-FILES 21MM #40,2.23
KER-06062,KERR SYBRON K-FILES 25MM #10,2.35
KER-06063,KERR SYBRON K-FILES 25MM #15,2.6
KER-06064,KERR SYBRON K-FILES 25MM #20,2.35
KER-06065,KERR SYBRON K-FILES 25MM #25,2.35
KER-06066,KERR SYBRON K-FILES 25MM #30,2.3
KER-06067,KERR SYBRON K-FILES 25MM #35,2.35
KER-06069,KERR SYBRON K-FILES 25MM #40,2.35
KER-06075,KERR SYBRON K-FILES 25MM #50,0
KER-06151,KERR SYBRON K-FILES 30MM #10,2.35
KER-06152,KERR SYBRON K-FILES 30MM #15,2.35
KER-06153,KERR SYBRON K-FILES 30MM #20,2.6
KER-06155,KERR SYBRON K-FILES 30MM #25,2.6
KER-06156,KERR SYBRON K-FILES 30MM #30,2.35
KER-14127,KERR SYBRON K-FILES 21MM #08,2.35
KER-14128,KERR SYBRON K-FILES 25MM #08,2.35
KER-14129,KERR SYBRON K-FILES 30MM #08,2.2
KER-15122,KERR SYBRON K-FLEX FILES 25MM #08,2.21
KER-15126,KERR SYBRON K-FLEX FILES 25MM #10,2.6
KER-15130,KERR SYBRON K-FLEX FILES 25MM #15,2.35
KER-15134,KERR SYBRON K-FLEX FILES 25MM #20,2.3
KER-15138,KERR SYBRON K-FLEX FILES 25MM #25,2.6
KER-15142,KERR SYBRON K-FLEX FILES 25MM #30,2.31
KER-15146,KERR SYBRON K-FLEX FILES 25MM #35,2.6
KER-15150,KERR SYBRON K-FLEX FILES 25MM #40,2.31
KER-15154,KERR SYBRON K-FLEX FILES 25MM #45,2.6
KER-15162,KERR SYBRON K-FLEX FILES 25MM #55,2.31
KER-15206,KERR SYBRON K-FLEX FILES 30MM #08,2.6
KER-15210,KERR SYBRON K-FLEX FILES 30MM #10,2.6
KER-15214,KERR SYBRON K-FLEX FILES 30MM #15,2.35
KER-15218,KERR SYBRON K-FLEX FILES 30MM #20,2.31
KER-15222,KERR SYBRON K-FLEX FILES 30MM #25,2.35
KER-15226,KERR SYBRON K-FLEX FILES 30MM #30,0
KER-15230,KERR SYBRON K-FLEX FILES 30MM #35,2.6
KER-15238,KERR SYBRON K-FLEX FILES 30MM #45,2.21
KER-15250,KERR SYBRON K-FLEX FILES30MM #60,2.56
KER-15290,KERR SYBRON K-FLEX FILES 21MM #08,2.35
KER-15294,KERR SYBRON K-FLEX FILES 21MM #10,2.6
KER-15298,KERR SYBRON K-FLEX FILES 21MM #15,2.6
KER-15302,KERR SYBRON K-FLEX FILES 21MM #20,2.35
KER-15306,KERR SYBRON K-FLEX FILES 21MM #25,2.6
KER-15310,KERR SYBRON K-FLEX FILES 21MM #30,2.6
KER-15314,KERR SYBRON K-FLEX FILES 21MM #35,2.6
KER-15318,KERR SYBRON K-FLEX FILES 21MM #40,2.6
KER-15322,KERR SYBRON K-FLEX FILES 21MM #45,2.24
KER-16411,KERR PERMLASTIC BULK REGULAR BODY 12 SETS,198.81
KER-18432,KERR SYBRON SEALAPEX STANDARD,0
KER-18598,KERR SYBRON SEALAPEX BULK  (24/PK),229.45
KER-21370(E),KERR TEMP-BOND NE,15.13
KER-21370(EU),KERR TEMP-BOND NE,13.4
KER-24746,KERR SYBRON PULP CANAL SEALER EWT STD PACKAGE,35.15
KER-24875(EU),KERR SYBRON PULP CANAL SEALER STD PACKAGE,50.65
KER-25881,KERR OPTIBOND FL PRIMER,31.28
KER-25882,KERR OPTIBOND FL  ADHESIVE,32.23
KER-25903,KERR SYBRON TUBLISEAL-EWT STANDARD PKG,17.41
KER-27877,KERR EXTRUDE XP PUTTY,48.74
KER-28415,KERR EXTRUDE EXTRA 2-CARTRIDGE REFILL,15.74
KER-28417,KERR EXTRUDE MEDIUM 2-CARTRIDGE REFILL,15.6
KER-28419,KERR EXTRUDE WASH 2-CARTRIDGE REFILL,15.74
KER-29493(E),KERR REVOLUTION SYRINGE A1 (1 X 2gm),27.13
KER-29493(EU),KERR REVOLUTION SYRINGE KIT A1,27.13
KER-29494(E),KERR REVOLUTION SYRINGE A2 (1 X2gm),8.76
KER-29494(EU),KERR REVOLUTION SYRINGE KIT A2,26.5
KER-29495(E),KERR REVOLUTION SYRINGE A3 (1 X2gm),8.37
KER-29495(EU),KERR REVOLUTION SYRINGE KIT A3,26.5
KER-29496,KERR REVOLUTION SYRINGE KIT A3.5,24
KER-29496(E),KERR REVOLUTION SYRINGE A3.5 (1 X2gm),0
KER-29669(EU),KERR OPTIBOND SOLO PLUS UNIDOSE REFILL (100/PK),97.01
KER-29797,KERR HERCULITE SYRINGE ENAMEL A1,15.63
KER-29797(EU),KERR HERCULITE XRV SYRINGE ENAMEL A1,25.44
KER-29798(EU),KERR HERCULITE XRV SYRINGE ENAMEL A2,25.9
KER-29799(EU),KERR HERCULITE XRV SYRINGE ENAMEL A3,0
KER-29800(EU),KERR HERCULITE XRV SYRINGE ENAMEL A3.5,0
KER-29835(C),KERR HERCULITE UNIDOSE A1,16.96
KER-29835(EU),KERR HERCULITE XRV UNIDOSE ENAMEL A1 20/BX,23.98
KER-29836,KERR HERCULITE XRV UNIDOSE ENAMEL A2 20/BX                  ..,24
KER-29836(C),KERR HERCULITE UNIDOSE A2,16.96
KER-29836(EU),KERR HERCULITE XRV UNIDOSE ENAMEL A2 20/BX,23.98
KER-29837(C),KERR HERCULITE UNIDOSE A3,17.08
KER-29837(EU),KERR HERCULITE XRV UNIDOSE ENAMEL A3 20/BX,23.98
KER-29838(C),KERR HERCULITE UNIDOSE A3.5                                 ..,16.81
KER-29838(EU),KERR HERCULITE XRV UNIDOSE ENAMEL A3.5 20/BX,31.54
KER-29839(EU),KERR HERCULITE XRV UNIDOSE ENAMEL A4 20/BX,22.71
KER-29840(C),KERR HERCULITE UNIDOSE B1                                   ..,16.5
KER-29840(EU),KERR HERCULITE XRV UNIDOSE ENAMEL B1 20/BX,28.36
KER-29841(EU),KERR HERCULITE XRV UNIDOSE ENAMEL B2 20/BX,23.98
KER-29845(C),KERR HERCULITE UNIDOSE C2,14.83
KER-29898(E),KERR POINT 4 UNIDOSE A1,22.9
KER-29899,KERR POINT 4 UNIDOSE REFILL A2                              ..,18.5
KER-29899(E),KERR POINT 4 UNIDOSE A2,24.82
KER-29900(E),KERR POINT 4 UNIDOSE A3,24.82
KER-29901(E),KERR POINT 4 UNIDOSE A3.5,19.5
KER-29946,KERR TYTIN SPHERICAL ALLOY CAPS 1 SPILL REG SET 500/BX,0
KER-29949,KERR TYTIN SPHERICAL ALLOY CAPS 2 SPILL REG SET 500/BX,398.43
KER-29949(E),KERR TYTIN DOUBLE SPILL REG. 500 CAPSULES 600MG,310.84
KER-29951,KERR TYTIN SPHERICAL ALLOY CAPS 3 SPILL REG SET 50/BX,52.59
KER-29952,KERR TYTIN SPHERICAL ALLOY CAPS 3 SPILL REG SET 500/BX,343.09
KER-29952(E),KERR TYTIN TRIPLE SPILL REG. 500 CAPSULES 800MG             ..,355.96
KER-29967,KERR CONTOUR 2 SPILL REGULAR SET 600MG 500/JAR,462.04
KER-29976,KERR CONTOUR 2 SPILL FAST SET 500/JAR,500
KER-29985,KERR TYTIN FC 2 SPILL REGULAR SET 500/BX,480.4
KER-29991,KERR TYTIN FC 1 SPILL FAST SET 500/BX,0
KER-29994,KERR TYTIN FC 2 SPILL FAST SET 500/BX,496.82
KER-29997,KERR TYTIN FC 3 SPILL FAST SET 500/BX,616.13
KER-31377,KERR TEMP-BOND UNIDOSE 50/PK,22.4
KER-31513(E),KERR OPTIBOND S REFILL,16.04
KER-31513(EU),KERR OPTIBOND SOLO PLUS REFILL,21.47
KER-31973,KERR TEMP-BOND NE UNIDOSE 50/PK,23.18
KER-32862,KERR MAXCEM ELITE 4:1 AUTOMIX TIPS REGULAR 50/PK,20.94
KER-33035,KERR ALGINOT CARTRIDGE REFILL BX/24,148.91
KER-33215,KERR TEMP-BOND AUTOMIX SYRINGE 20/PK,22.42
KER-33215(EU),KERR TEMPBOND STANDARD AUTOMIX SYRINGE,26.85
KER-33217,KERR TEMP-BOND AUTOMIX SYRINGE (2X 5ML + 20 TIPS)           ..,22.61
KER-33217(EU),KERR TEMPBOND NE AUTOMIX  SYRINGE,27
KER-33351,KERR TEMPBOND CLEAR AUTOMIX SYRINGE,18.5
KER-33643,KERR NX3 DUAL CURE REFILL CLEAR,38.25
KER-33817,KERR ALGINOT FS CARTRIDGE REFILL 24/PK,103.92
KER-33872,KERR MAXCEM ELITE REFILL CLEAR 2/PK,30.83
KER-33873,KERR MAXCEM ELITE REFILL WHITE 2/PK,0
KER-33953,KERR TAKE 1 ADVANCED LIGHT BODY WASH FAST SET 2/PK,22.02
KER-33963,KERR TAKE 1 ADVANCED TRAY REGULAR SET 2-CARTRIDGE REFILL,22.02
KER-33964,KERR TAKE 1 ADVANCED TRAY REGULAR SET 2-CARTRIDGE VALUE PACK,205.5
KER-33965,KERR TAKE 1 ADVANCED TRAY FAST SET 2-CARTRIDGE REFILL,22.02
KER-33965(EU),KERR TAKE 1 ADVANCED TRAY HB/FAST SET 2-CARTRIDGE REFILL,20.52
KER-33968,KERR TAKE 1 ADVANCED TRAY SUPER FAST SET 24-CARTRIDGE VALUE P,205.44
KER-34070,KERR TAKE 1 ADVANCED PUTTY,38.61
KER-34149(EU),KERR TAKE 1 ADVANCED TRAY LIGHT BODY WASH FAST SET 2/PK,20.9
KER-34241(E),KERR VERTISE FLOW SYRINGE REFILL A1 2/PK,34.83
KER-34242(E),KERR VERTISE FLOW SYRINGE REFILL A2 2/PK,46.18
KER-35107(E),KERR OPTIBOND XTR BOTTLE PRIMER,39.76
KER-35108(E),KERR OPTIBOND XTR BOTTLE ADHESIVE,39.76
KER-35129,KERR OPTIBOND ALL IN ONE SELF ETCH 6ML,20.83
KER-36051(EU),KERR SONICFILL 2 UNIDOSE REFILL A1 20/PK,40.53
KER-36052(EU),KERR SONICFILL 2 UNIDOSE REFILL A2 20/PK,40.53
KER-36053(EU),KERR SONICFILL 2 UNIDOSE REFILL A3 20/PK,40.53
KER-36054(EU),KERR SONICFILL 2 UNIDOSE REFILL B1 20/PK,40.53
KER-60120,KERR SYBRON K-FLEX FILES 21MM #06,2.31
KER-60144,KERR SYBRON K-FLEX FILES 25MM #06,2.35
KER-60193,KERR SYBRON K-FLEX FILES SS 30MM #06,2.6
KER-62249,KERR SYBRON K-FILES 21MM #06,2.35
KER-62250,KERR SYBRON K-FILES 25MM #06,2.35
KER-821-4021,KERR SYBRON K-FLEX FILES ASSORTED 21MM #15-40,2.35
KER-821-4025,KERR SYBRON K-FLEX FILES ASSORTED 25MM #15-40,2.35
KER-821-4125,KERR SYBRON K-FLEX FILES ASSORTED 25MM #45-80,2.31
KER-822-2253,KERR SYBRON TF TWISTED FILES 23MM .12/25                    ..,15.39
KER-822-4253,KERR SYBRON TF TWISTED FILES 23MM .04/25                    ..,17.58
KER-822-4403,KERR SYBRON TF TWISTED FILES 23MM .04/40,15.61
KER-822-4407,KERR SYBRON TF TWISTED FILES 27MM .04/40,15.6
KER-822-4683,KERR SYBRON TF SMALL ASSORTMENTS 23MM .025,15.52
KER-822-6253,KERR SYBRON TF TWISTED FILES 23MM .06/25,15.61
KER-822-6307,KERR SYBRON TF TWISTED FILES 27MM .06/30,17.48
KER-822-6803,KERR SYBRON TF TWISTED FILES LARGE ASSORTED 23MM,17.49
KER-822-8257,KERR SYBRON TF TWISTED FILES 27MM .08/25,15.32
KER-823-0257,KERR SYBRON K3 XF FILES 17MM .10/25,18.23
KER-823-4205,KERR SYBRON K3 XF FILES 25MM .04/20,19.26
KER-825-0400,KERR SYBRON K3 & K3XF GUTTA PERCHA ASSORTED .04,8.43
KER-825-4155,KERR SYBRON K3 FILES 25MM .04/15,17.37
KER-825-4205,KERR SYBRON K3 FILES 25MM .04/20,16.76
KER-825-4255,KERR SYBRON K3 FILES 25MM .04/25                            ..,16.76
KER-825-6025,KERR SYBRON K3 FILES ASSORTED 25MM .06/15-40,19.26
KER-952-0005,KERR SYBRON PLUGGER BUCHANAN FINE-MED,40.43
KER-972-1003,KERR SYBRON ELEMENTS GUTTA PERCHA CARTIDGE 25 GAUGE 10/PK,24.28
KER-973-0067,KERR SYBRON ULTRAFINE SPREADER TIP SP-3-S,46.52
KEY-30-00122,PREHMA SELF ADHESIVE BITE WING TABS,0
KIM-48247,KIMBERLY-CLARK FLUIDSHIELD WRAP AROUND TIE-ON MASK (25/BX),12.17
KIM-48247(C),KIMBERLY-CLARK FLUIDSHIELD WRAP AROUND TIE-ON MASK (100/CS),48.7
KOD-1163401(E),KODAK INSIGHT FILM IP-21#2 POLYSOFT,36.57
KOD-1228840,KODAK ULTRASPEED FILM DF-54 #0 POLYSOFT,10.28
KOD-1273747,KODAK ULTRASPEED FILM DF-56 #1 PAPER,10.5
KOD-1296771,KODAK ULTRASPEED FILM DF-42 #3 PAPER,60.13
KOD-1658194(E),KODAK ULTRASPEED FILM DF-58 #2 POLYSOFT,33.76
KOD-1753664(E),KODAK ULTRASPEED FILM DF-57 #2 POLY DOUBLE PK,32.46
KOD-1798628,KODAK IP-22 PERIAP PSOFT #2 FILM,56.04
KOD-1869080,KODAK T-MAT G FILM TMG-15 6X12,40.86
KOD-1987627,KODAK T-MAT G FILM TMG-5 5X12,30.29
KOD-8675332,KODAK INSIGHT FILM IP-01#0 POLYSOFT,26.85
KRO-KRM302,KROMOPAN ALGINATE 100 1LN BAG,3.87
KUL-50037101,KULZER VIBRAKLEEN EZ TABLETS CLINIC 80/BX,31
KUL-65414615,KULZER AGFA DENTUS M2 COMFORT FILM,42.92
KUL-65872354,KULZER GLUMA DESENSITIZER 5ML,50.08
KUL-65872354(E),KULZER GLUMA DESENSITIZER STANDARD,21.52
KUL-66000085(E),KULZER CHARISMA SYRINGE REFILL A1,12.4
KUL-66000086(E),KULZER CHARISMA SYRINGE REFILL A2,12.33
KUL-66000087(E),KULZER CHARISMA SYRINGE REFILL A3,12.34
KUL-66002103(E),KULZER FLEXITIME EASY PUTTY 600ML,38.94
KUL-66002186(E),KULZER FLEXITIME CORRECT FLOW CART 50 ML 2/PKG,18.41
KUL-66002193,KULZER FLEXITIME HEAVY TIME TRAY (2 X 50ML),18.52
KUL-66002200,KULZER FLEXITIME MONOPHASE 6 X (2 X 50ML),16.5
KUL-66035991,KULZER FLEXITIME DYNAMIX PUTTY (2X380ML),87.16
KUL-66035992,KULZER FLEXITIME DYNAMIX HT REFILL (2X380ML) 1 PACK,77.7
KUL-66039008,KULZER VENUS DIAMOND PLT REFILL A1 20/BX,52.75
KUL-66039009,KULZER VENUS DIAMOND PLT REFILL A2 20/BX,52.75
KUL-66039011,KULZER VENUS DIAMOND PLT REFILL A3 20/BX,52.75
KUL-66040094,KULZER IBOND TOTAL ETCH REFILL 4ml,48.5
KUL-66040354,KULZER VENUS DIAMOND FLOW SYRINGE A1,17.88
KUL-66040355,KULZER VENUS DIAMOND FLOW SYRINGE A2,17.54
KUL-66041061,KULZER FLEXITIME EXTRA LIGHT FLOW 6 X (2 X 50ML),27.65
KUL-66046243,KULZER IBOND SELF ETCH BOTTLE VALUE PACK 3/PK,99.75
KUL-66046244,KULZER IBOND SELF ETCH SINGLE DOSE REFILL 1 X 4ML,74.18
KUL-66048090,KULZER VENUS PEARL PLT REFILL A1 20/BX,42.23
KUL-66048141,KULZER VENUS PEARL PLT REFILL A2 20/BX,42.23
KUL-66048175,KULZER VENUS PEARL SYRINGE REFILL A1,31.64
KUL-66048176,KULZER VENUS PEARL SYRINGE REFILL A2,31.64
KUR-070-KA,KURARAY CLEARFIL PHOTO BOND KIT,95.93
KUR-1970-KA(E),KURARAY CLEARFIL SE BOND KIT,68.46
KUR-1972-KA,KURARAY CLEARFIL SE BOND VALUE KIT,236.51
KUR-1981-KA,KURARAY CLEARFIL SE BOND LIQUID REFILL 5ML,65.03
KUR-220-KA,KURARAY CARIES DETECTOR 6ML 2/BX,26.48
KUR-2610-KA,KURARAY CLEARFIL MAJESTY FLOW A1 3.2gm,30.89
KUR-2611-KA,KURARAY CLEARFIL MAJESTY FLOW A2 3.2gm,30.89
KUR-2612-KA,KURARAY CLEARFIL MAJESTY FLOW A3 3.2gm,30.89
KUR-2692-KA,KURARAY CLEARFIL MAJESTY POST TIP A2 (20/BX),49.73
KUR-2890-KA,KURARAY CLEARFIL S3 BOND PLUS 4ML,66.87
KUR-3110-KA,KURARAY CLEARFIL MAJESTY ES-2 A1 20/BX,33.44
KUR-3111-KA,KURARAY CLEARFIL MAJESTY ES-2 PLT A2 20/BX,33.44
KUR-3112-KA,KURARAY CLEARFIL MAJESTY ES-2 PLT A3 20/BX,33.44
KUR-3116-KA,KURARAY CLEARFIL MAJESTY ES-2 PLT B1 20/BX,45.09
KUR-3302-KA,KURARAY CLEARFIL MAJESTY ES FLOW SYRINGE A2,29.37
KUR-3303-KA,KURARAY CLEARFIL MAJESTY ES FLOW SYRINGE A3,29.37
KUR-3382-KA,KURARAY PANAVIA  SA PLUS STANDARD KIT UNIVERSAL,51.24
KUR-3384-KA,KURARAY PANAVIA  SA PLUS STANDARD KIT TRANSLUCENT,51.38
KUR-3385-KA,KURARAY PANAVIA  SA PLUS VALUE KIT UNIVERSAL,143.69
KUR-3387-KA,KURARAY PANAVIA SA PLUS VALUE KIT TRANSLUCENT,143.77
LFE-77-52565,LIFEPROOF FRE WATERPROOF IPHONE 6/6S CASE GRIND GREY 4.7',28.18
LFE-77-52565#,DAMAGED LIFEPROOF FRE WATERPROOF IPHONE 6/6S CASE,0
LFE-77-52566,LIFEPROOF FRE WATERPROOF IPHONE 6/6S CASE BANZAI BLUE 4.7',28.18
LFE-77-52566#,DAMAGED LIFEPROOF FRE WATERPROOF IPHONE 6/6S CASE,0
LOK-1018B,LOOK SUTURE POLYPRO MONO BLU DS18 5-0 18' 12/BOX,11.69
LOK-1282B,LOOK SUTURE NYLON MONO BLK DSM13 6-0 18' 12/BOX,16.1
LOK-1284B,LOOK SUTURE NYLON MONO BLK  5-0 8'  C3 12/BOX,17.06
LOK-1285B,LOOK SUTURE NYLON MONO BLK C3 5-0 18' 12/BOX,14.25
LOK-1290B,LOOK SUTURE NYLON MONO BLK PC31 4-0  18'/45CM 12/BX,11.9
LOK-1291B,LOOK SUTURE NYLON MONO BLK C3 4-0  18'/45CM 12/BX,17.47
LOK-497B,LOOK SUTURE PC31  UND BR PGA 3-0 18' 12/BOX,0
LOK-525B,LOOK SUTURE CHROMIC GUT UD C6 3-0 18' 12/BOX,10.69
LOK-551B,LOOK SUTURE PLAIN GUT DS18/C6 4-0 27' 12/BOX,11.38
LOK-553B,LOOK SUTURE PLAIN GUT BEIGE DS24/C7 3-0 27' 12/BX,11.59
LOK-554B,LOOK SUTURE PLAIN GUT BEIGE DS18 C6 3-0 27' 12/BOX,11.72
LOK-555B,LOOK SUTURE PLAIN GUT BEIGE C7 2-0 27' 12/BOX,12.2
LOK-557B,LOOK SUTURE CHROMIC GUT 5-0 27' 12/BOX,11.57
LOK-558B,LOOK SUTURE CHROMIC GUT UNDYED C-6 4-0 18' 12/BOX,11.08
LOK-559B,LOOK SUTURE CHROMIC GUT UNDYED C6 4-0 27' 12/BOX,11.08
LOK-560B,LOOK SUTURE CHROMIC GUT UNDYED C6 3-0 27' 12/BOX,11.66
LOK-563B,LOOK SUTURE CHROMIC GUT UNDYED C17 5-0 18' 12/BOX,13.03
LOK-591B,LOOK SUTURE SURGICAL PLAIN GUT BEIGE DS18 4-0 18' 12/BOX,11.59
LOK-592B,LOOK SUTURE PLAIN GUT DS18 C6 3-0 18' 12/BOX,11.26
LOK-594B,LOOK SUTURE PLAIN GUT BEIGE HS24/C31 3-0 18' 12/BOX,11.08
LOK-774B,LOOK SUTURE SILK BLACK C17 5-0 18' 12/BOX,13.99
LOK-781B,LOOK SUTURE SILK BLACK DS18/C6 4-0 18' 12/BOX,9.78
LOK-784B,LOOK SUTURE SILK BLACK DS18/C6 3-0 18' 12/BOX,9.97
LOK-785B,LOOK SUTURE SILK BLACK HS24/C31 3-0 BBS 18' 12/BX,9.53
LOK-786B,LOOK SUTURE SILK BLACK DS24/C7 3-0 BBS 18' 12/BX,11.27
LOK-787B,LOOK SUTURE SILK BLACK BRAIDED C17 4-0 18' 12/BOX,13.1
LOK-918B,LOOK SUTURE BK NYLON MONO C6 5-0 18' 12/BOX,10.56
LOK-922B,LOOK SUTURE BK NYLON MONO C6 4-0 18' 12/BOX,10.56
LOK-925B,LOOK SUTURE BK NYLON MONO C7 3-0 18' 12/BOX,11.03
LOK-927B,LOOK SUTURE BK NYLON MONO C8 2-0 18' 12/BOX,9.27
LOK-928B,LOOK SUTURE BK NYLON MONO C6 3-0 18' 12/BOX,11.03
LOK-944B,LOOK SUTURE NYLON MONOFILAMENT C6 4-0 10' 12/BOX,8.92
LOK-945B,LOOK SUTURE NYLON MONOFILAMENT C6 5-0 10' 12/BOX,0
LUX-1515,LUXE BIDET PLASTIC T-ADAPTOR,0
LUX-1516,LUXE BIDET METAL T-ADAPTOR WITH SHUT OFF VALVE,0
LUX-NEO110B,LUXE BIDET NEO 110 TOILET SEAT ATTACHMENT BLUE,14.65
LUX-NEO110B#,DAMAGED LUXE BIDET NEO 110 TOILET SEAT ATTACHMENT BLUE,0
LUX-NEO110W,LUXE BIDET NEO 110 TOILET SEAT ATTACHMENT WHITE,14.65
LUX-NEO110W#,DAMAGED LUXE BIDET NEO 110 TOILET SEAT ATTACHMENT,0
LUX-NEO120B,LUXE BIDET NEO 120 TOILET SEAT ATTACHMENT BLUE,18.31
LUX-NEO120B#,DAMAGED LUXE BIDET NEO 120 TOILET SEAT ATTACHMENT BLUE,0
LUX-NEO120W,LUXE BIDET NEO 120 TOILET SEAT ATTACHMENT WHITE,18.31
LUX-NEO120W#,DAMAGED LUXE BIDET NEO 120 TOILET SEAT ATTACHMENT WHITE,0
LUX-NEO180B,LUXE BIDET NEO 180 TOILET SEAT DUAL NOZZLE ATTACHMENT BLUE,24.03
LUX-NEO180W,LUXE BIDET NEO 180 TOILET SEAT DUAL NOZZLE ATTACHMENT WHITE,24.03
LUX-NEO180W#,DAMAGED LUXE BIDET NEO 180 TOILET SEAT DUAL NOZZLE ATTACHMENT WHITE,0
LUX-NEO185B,LUXE BIDET NEO 185 TOILET SEAT DUAL NOZZLE ATTACHMENT BLUE,24.03
LUX-NEO185B#,DAMAGED LUXE BIDET NEO 185 TOILET SEAT DUAL NOZZLE ATTACHMENT BLUE,0
LUX-NEO185W,LUXE BIDET NEO 185 TOILET SEAT DUAL NOZZLE ATTACHMENT WHITE,24.03
LUX-NEO250B,LUXE BIDET NEO 250 TOILET SEAT ATTACHMENT WHITE,27.21
LUX-NEO250W,LUXE BIDET NEO 250 TOILET SEAT ATTACHMENT WHITE,27.21
LUX-NEO250W#,DAMAGED LUXE BIDET NEO 250 TOILET SEAT ATTACHMENT WHITE,0
LUX-NEO320B,LUXE BIDET NEO 320 TOILET SEAT DUAL NOZZLE ATTACHMENT BLUE,27.4
LUX-NEO320B#,DAMAGED LUXE BIDET NEO 320 TOILET SEAT DUAL NOZZL,0
LUX-NEO320W,LUXE BIDET NEO 320 TOILET SEAT DUAL NOZZLE ATTACHMENT WHITE,27.4
LUX-NEO320W#,DAMAGED LUXE BIDET NEO 320 TOILET SEAT DUAL NOZZL,0
MAN-GATES32#1,MANI GATES DRILL #1,0
MAN-GATES32#2,MANI GATES DRILL #2,0
MAN-GATES32#3,MANI GATES DRILL #3,0
MAN-GATES32#4,MANI GATES DRILL #4,4.7
MAN-GATES32#5,MANI GATES DRILL #5,4.7
MAN-GATES32ASS,MANI GATES DRILL ASSORTED,4.7
MAN-PASTE21#25,MANI PASTE CARRIER #25 21MM,3.03
MAN-PASTE21ASS,MANI PASTE CARRIER ASSORTED 25-40 21MM                      ..,3.03
MAN-PASTE25#40,MANI PASTE CARRIER #40 25MM,3.03
MAN-PASTE25ASS,MANI PASTE CARRIER ASSORTED 25-40 25MM,3.03
MAN-PEESO32#1,MANI PEESO REAMER #1,4.61
MAN-PEESO32#2,MANI PEESO REAMER #2,4.61
MAN-PEESO32#3,MANI PEESO REAMER #3,4.61
MAN-PEESO32#4,MANI PEESO REAMER #4,4.8
MCR-1577,MICROSOFT XBOX ONE MEDIA REMOTE,26.3
MCR-1577#,DAMAGED MICROSOFT XBOX ONE MEDIA REMOTE,0
MDL-MSC092534,MEDLINE REMEDY PHYTOPLEX HYDRAGUARD 4OZ 12/CS,3.31
MDL-MSC092625H,MEDLINE REMEDY PHYTOPLEX ANTIFUNGAL OINTMENT 2.5 OZ,2.78
MDL-MSC092915,MEDLINE REMEDY PHYTOPLEX LIP BALMS 0.15OZ 36/CS,1.42
MDL-MSC094109H,MEDLINE REMEDY OLIVAMINE FOAMING BODY CLEANSER 9OZ,3.7
MDL-MSC094308,MEDLINE REMEDY OLIVAMINE CLEANSING BODY LOTION 8 OZ 12/CS,4.08
MDL-MSC094420,MEDLINE REMEDY OLIVAMINE SKIN REPAIR CREAM 32 OZ 12/CS,10.69
MDL-MSC094424,MEDLINE REMEDY OLIVAMINE SKIN REPAIR CREAM 4 OZ 12/CS,3.18
MDL-MSC094514,MEDLINE REMEDY OLIVAMINE DIMETHICONE SKIN PROTECT 4OZ 12/CS,3.2
MDL-MSC094544,MEDLINE REMEDY OLIVAMINE CALAZIME SKIN PASTE 4 OZ 12/CS,3.59
MDL-MSC094604,MEDLINE REMEDY OLIVAMINE ANTIFUNGAL CREAM 4 OZ 12/CS,5.1
MDL-MSC094853UNSC,MEDLINE REMEDY OLIVAMINE NUTRASHIELD SKIN PROTECT 4 OZ 12/CS,3.49
MDL-NON80328,"MEDLINE EMESIS BAGS, BLUE, 1000 ML - 24/PACK, 6 PK/CASE",3.38
MLD-MPC20,NRG POLYCARBONATE CROWNS #20 (5/BX),0
MLD-MPC200,NRG POLYCARBONATE CROWNS #200 (5/BX),0.16
MLD-MPC25,MLD POLYCARBONATE CROWNS #25 (5/BX),0.16
MLD-MPC26,MLD POLYCARBONATE CROWNS #26 (5/BX),0.16
MLD-MPC300,NRG POLYCARBONATE CROWNS #300 (5/BX),0.16
MLD-MPC37,NRG POLYCARBONATE CROWNS #37 (5/BX),0.16
MLD-MPC38,MLD POLYCARBONATE CROWNS #38 (5/BX),0.8
MLD-MPC41,NRG POLYCARBONATE CROWNS #41 (5/BX),0.16
MLD-MPC42,MLD POLYCARBONATE CROWNS #42 (5/BX),0.16
MLD-MPC44,NRG POLYCARBONATE CROWNS #44 (5/BX),0.16
MLD-MPC62,NRG POLYCARBONATE CROWNS #62 (5/BX),0.16
MOL-1434,MOLNLYCKE TUBIGRIP NATURAL SIZE E 10M/BOX (24/CASE),8.34
MOL-1437,MOLNLYCKE TUBIGRIP NATURAL SIZE D 10M/BOX (28/CASE),7.38
MOL-1438,MOLNLYCKE TUBIGRIP NATURAL SIZE F 10M/BOX (20/CASE),11.4
MOL-1438#,DAMAGED MOLNLYCKE TUBIGRIP NATURAL SIZE F 10M/BOX (20/CASE),0
MOL-1439,MOLNLYCKE TUBIGRIP NATURAL SIZE G 10M/BOX (12/CASE),15.3
MOL-1439#,DAMAGED MOLNLYCKE TUBIGRIP NATURAL SIZE G 10M/BOX,0
MOL-1443,MOLNLYCKE TUBIGRIP NATURAL SIZE C 10M/BOX (28/CASE),9.7
MOL-1443#,DAMAGED MOLNLYCKE TUBIGRIP NATURAL SIZE C 10M/BOX,0
MOL-1448,MOLNLYCKE TUBIGRIP FLESH SIZE E 10M/BOX (24/CASE),12.7
MOL-1451,MOLNLYCKE TUBIGRIP FLESH SIZE D 10M/BOX (28/CASE),12.19
MOL-281000,MOLNLYCKE MEPILEX BORDER LITE FOAM DRESS 1.6X2 10/BX,6.67
MOL-281100,MOLNLYCKE MEPILEX BORDER LITE FOAM DRESS 2X5  5/BX,7.15
MOL-281200,MOLNLYCKE MEPILEX BORDER LITE FOAM DRESSING 3X3 5/BX,7.15
MOL-281300,MOLNLYCKE MEPILEX BORDER LITE FOAM DRESSING 4X4 5/BX,8.93
MOL-281500,MONLYCKE MEPILEX BORDER LITE FOAM DRESSING 6X6 5/BX,0
MOL-295200,MOLNLYCKE MEPILEX BORDER FOAM DRESSING 3X3 5/BX,7.14
MOL-295300,MOLNLYCKE MEPILEX BORDER  FOAM DRESSING 4X4 5/BX,10.32
MOL-295400,MOLNLYCKE MEPILEX BORDER FOAM DRESSING 6X6 5/BX,17.28
MOL-295600,MOLNLYCKE MEPILEX BORDER  FOAM DRESSING 6X8 5/BX,29.06
MOL-670900,MOLNLYCKE MEPORE ISLAND FABRIC DRESSING 9x10CM 50/BX,6.01
MOP-3047_JPA-IP6-BLU,MOPHIE JUICE PACK AIR BATTERY IPHONE 6/6S CASE BLUE,26.4
MOP-3047_JPA-IP6-BLU#,DAMAGED MOPHIE JUICE PACK AIR BATTERY IPHONE 6/6S,0
MTX-11-1100(E),METREX CAVIWIPES TOWELETTES LARGE (160/CAN),5.9
MTX-11-1150(E),METREX CAVIWIPES TOWELETTES XLARGE (65/CAN) (12/CASE),0
MXT-MXT#IOY,SYRINGE TIPS INTRAORAL YELLOW 100/BAG,2.22
MXT-MXT#P,SYRINGE TIPS DYNAMIC RED (50/BAG),5.31
NKY-1271190,BOSWORTH/KEYSTONE WIRE CLASPS ROACH BIC MED STRAIGHT 10/PK,7.92
NKY-1662213,BOSWORTH/KEYSTONE FLEXO RAINBOW FIXED TIP 100/PK,33.8
NKY-1662214,BOSWORTH/KEYSTONE FLEXO CLEAR W/ REMOVABLE TIP 100/PK,3.38
NKY-1662218,BOSWORTH/KEYSTONE FLEXO GREEN W/ WHITE FIXED TIP 100/PK,3
NKY-1662219,BOSWORTH/KEYSTONE FLEXO RED W/ WHITE FIXED TIP 100/PK,3
NKY-6050100,BOSWORTH/KEYSTONE FLECK'S ZINC CEMENT SNOW WHITE 29G,2.72
NKY-6051700,BOSWORTH/KEYSTONE FLECK'S ZINC CEMENT LIQUID 35ML,7.89
NKY-6120200,BOSWORTH/KEYSTONE MIZZY PIP PASTE JAR W/ REMOVER 1 1/4 OZ,9.37
NKY-6120300,BOSWORTH/KEYSTONE MIZZY PIP PASTE JAR W/ REMOVER 2 1/4 OZ,21.15
NKY-6120400,BOSWORTH/KEYSTONE MIZZY PIP PASTE JAR 8OZ,61.99
NKY-6121000,BOSWORTH/KEYSTONE MIZZY PIP PUMP 4OZ,35.24
NKY-7000313,KEYSTONE HIGH VOLUME EVACUATOR TIPS D-3 HVE WHITE 1000/CASE,19.27
NKY-921007,BOSWORTH/KEYSTONE SUPER EBA CEMENT STANDARD KIT,30.21
NKY-921010,BOSWORTH/KEYSTONE SUPER EBA CEMENT LIQUID 6.5ML,13.08
NKY-921095,BOSWORTH/KEYSTONE TRIM II PWD #65 1.5OZ,8.06
NKY-921251,BOSWORTH/KEYSTONE TRUSOFT DENTURE RELINING POWDER 85 GM,15.62
NKY-921255,BOSWORTH/KEYSTONE TRUSOFT DENTURE RELINING LIQUID 8 OZ      ..,20.83
NKY-921422,BOSWORTH/KEYSTONE WONDER WEDGE NATURAL SMALL ASSORTED 500/BX..,20.83
NKY-921426,BOSWORTH/KEYSTONE WONDER WEDGES NATURAL ASSORTED 500/BX,30.21
NKY-921489,BOSWORTH/KEYSTONE WONDER WEDGES COLOURED ASSORTED 500/BX    ..,20.83
NKY-921702,"BOSWORTH/KEYSTONE EDENTULOUS TRAY AWAYS #5 UPPER, LRG 12/BX ..",6.77
NKY-921775,BOSWORTH/KEYSTONE SOFTONE CONDITIONER KIT,31.67
NKY-921880,BOSWORTH/KEYSTONE TAC ADHESIVE AEROSOL SPRAY 3.5 OZ,11.49
NKY-921881,BOSWORTH/KEYSTONE TAC TRAY ADHESIVE COMPOUND STANDARD KIT,6.04
NKY-921885,BOSWORTH/KEYSTONE TRAY-AWAY #3 MEDIUM UPPER 12/BAG,3.7
NKY-921889,BOSWORTH/KEYSTONE TRAY-AWAY #6 SMALL LOWER 12/BAG           ..,3.64
NKY-921896,BOSWORTH/KEYSTONE TRAY-AWAY #9S PERFORATED LA (12/BAG),3.7
NKY-921902,BOSWORTH/KEYSTONE TRIM ACRYLIC POWDER DARK 3OZ,19.13
NKY-921903,BOSWORTH/KEYSTONE TRIM LIQUID 6OZ,15.11
NKY-921908,BOSWORTH/KEYSTONE TRIM ACRYLIC POWDER DARK,51.36
NKY-921909,BOSWORTH/KEYSTONE TRIM LIQUID 8OZ,20.13
NKY-921914,BOSWORTH/KEYSTONE TRIM LIQUID 32OZ,70.48
NRG-MP3X3P,NRG MIXING PAD 3X3 POLYCOATED,0.47
NRG-MP3X3P(X6),NRG MIXING PAD 3X3 POLYCOATED 6/PK,0
NSK-E16R,"NSK contra angle sheath #E16R, 16:1 gear reduction, single sheath.",0
NSK-EX-5,NSK EX5 TYPE STRAIGHT HANDPIECE,1
NSK-EX-6,NSK Brassler NSK EX-6/ Prophy Straight Handpiece,0
NSK-HP4PB,NSK Push button high speed handpiece 4-Hole,0
NSK-NBBW-Y,"EX Series Air Head - Low Speed, NBBW-Y. Latch type, for CA Burs, with Water Nozzle, Non-Optic",0
OLA-HP3,"OLAPLEX HAIR PERFECTOR No-3 REPAIRING TREATMENT, 3.3-OZ",12.47
OMR-BP652,OMRON BPM 7 SERIES WRIST W/ CUFF,42.7
OMR-BP710N,OMRON BPM 3 SERIES UPPER ARM W/ CUFF,24.03
OMR-BP742N,OMRON BPM 5 SERIES UPPER ARM W/ CUFF,29.15
OMR-BP742N#,,0
OMR-BP760N,OMRON BPM 7 SERIES UPPER ARM W/..CUFF,48.07
OMR-BP785N,OMRON BPM 10 SERIES UPPER ARM W/..CUFF,48.64
OMR-HEM907XL,OMRON BP INTELLISENSE PROFESSIONAL..W/ CUFF,375
PAC-244,PAC-DENT LUER-LOCK 3 CC SYRINGE WITH 23G IRRIGATION NEEDLE,0
PAR-S017,PARKELL  ACCUFILM II RED/BLACK,15.93
PAR-S018,PARKELL ACCUFILM-II BLACK/BLACK,11.07
PAR-S021,PARKELL  ACCUFILM II RED/RED,11.68
PAR-S180,PARKELL DRYZ  (GING.HEMOSTATIC RETRACTION  PASTE) 7/PK,36.2
PAR-S284,PARKELL BRUSH & BOND KIT,98.13
PAR-S285,PARKELL BRUSH & BOND LIQUID 3/ML,57.22
PAR-S300,PARKELL ABSOLUTE DENTIN WHITE,124.35
PAR-S303,PARKELL ABSOLUTE DENTIN INTRA-ORAL TIPS 50/PK,16.8
PAR-S307,PARKELL ABSOLUTE DENTIN KIT BLUE,119.68
PAR-S337,PARKELL SMARTEMP CARTRIDGE ULTRA LIGHT A1,26.87
PAR-S340,PARKELL SMARTEMP CARTRIDGE LIGHT A2,43.67
PAR-S343,PARKELL DS50 SPLIT CARTRIDGE DISPENSING GUN,75.46
PAR-S370,PARKELL  AMALGAMBOND PLUS KIT,184.5
PAR-S371,PARKELL  AMALGAMBOND/C&B CATALYST,137.52
PAR-S380,PARKELL C&B METABOND ADHESIVE CEMENT COMPLETE KIT,291.51
PAR-S427,PARKELL SNAP 40GM RESIN SHADE 77,0
PAR-S438S,PARKELL BLU-MOUSSE CLASSIC SPLIT CARTRIDGE,21.14
PAR-S448S,PARKELL BLU-MOUSSE 30 SECOND SET PEPPERMINT 2/PK,22.88
PAR-S452,PARKELL SNAP ACRYLIC POWDER #59 170GM,0
PAR-S457S,PARKELL BLU-MOUSSE SPLIT CARTRIDGE SUPER FAST,30.01
PDI-D19831,PDI WIPES SEE CLEAR,1
PLN-201010,PLANTRONICS VOYAGER EDGE BLUETOOH HEADSET W/ CASE BLACK,45.99
PLN-201010#,DAMAGED PLANTRONICS VOYAGER EDGE BLUETOOH HEADSET,0
PLP-EMS,PULPDENT EMBRACE PIT&FISSURE KIT,0
PLP-ET-24,PULPDENT ETCH-RITE ETCHING GEL BULK PACK 24/PK,30.05
PLP-ET-50,PULPDENT ETCH-RITE JUMBO SYRINGE KIT,21.24
PLP-ET-50R,PULPDENT ETCH-RITE JUMBO SYRINGE REFILL 2-25ML,16.07
PLP-ET-TWIN,PULPDENT ETCH-RITE ETCH GEL SYRINGE 3ML TWIN PK,6.99
PLP-ETCH,PULPDENT ETCH-RITE ETCHING GEL SYRINGE 4/PK,7.76
PLP-MULTI,PULPDENT MULTI-CAL CALCIUM HYDROXIDE SYRINGE KIT 4/PK,20.57
PLP-PEG,PULPDENT PORCELAIN ETCH GEL SYRINGE KIT,17.07
PLP-PSY,PULPDENT PULP CAPPING PASTE SYRINGE,11.91
PLP-SEAL,PULPDENT SEAL-RITE PIT & FISSURE SEALANT KIT,0
PRE-1006203,PREMIER TRIPLE TRAY POSTERIOR 48/BOX,29.85
PRE-1006213,PREMIER TRIPLE TRAY ANTERIOR 35/BOX,29.85
PRE-1006223,PREMIER TRIPLE TRAY QUADRANT 40/BOX,29.85
PRE-3001450,PREMIER IMPLANT CEMENT,28.46
PRE-9007071,PREMIER HEMODENT 10 cc,9.27
PRE-9007072,PREMIER HEMODENT 20 CC,16.55
PRE-9007073,PREMIER HEMODENT 40 CC,29.2
PRE-9007091,PREMIER TRAXODENT PASTE VALUE PACK,167.84
PRE-9007092,PREMIER HEMODENT TRAXODENT APPLICATOR TIPS 50/PK,24.72
PRE-9007093,PREMIER TRAXODENT PASTE STARTER PACK,58.6
PRE-9007131,PREMIER RC PREP 18G./JAR,16.27
PRE-9007133,PREMIER RC PREP JAR 227 G.,154.33
PRE-9007135,PREMIER RC PREP SYRINGE 9gm 2/PK,20.89
PRE-9007402,NUPRO PROPHY PASTE MINT CUPS,23.89
PRE-9011103,PREMIER PRO CLEAN STAIN CLEANER 10/CS,17.33
PRE-9061070,PREMIER CONTOURED METAL BANDS,10.11
PRE-9061100,PREMIER SYCAMORE WEDGES #13XT NEUTRAL 400/BX,19.64
PRE-9061101,PREMIER SYCAMORE WEDGES #13T GREEN 400/BX,19.63
PRE-9061106,PREMIER SYCAMORE WEDGES ULTRA THIN ORANGE (400/BX),19.64
PRE-9061109,PREMIER SYCAMORE WEDGES MINI LIGHT BLUE 400/BX,19.64
PRE-9061400,PREMIER IMPLANT SCALER 5/PK,74.03
PRE-9061401,PREMIER IMPLANT SCALER UNIVERSAL 2/PK,27.89
PRK-01-08,PARKER AQUASONIC 100 ULTRASOUND TRANSMISSION GEL 0.25L 12/BX,1.66
PRK-03-08,PARKER AQUASONIC CLEAR ULTRASOUND GEL 0.25L 12/BX,1.72
PRK-12-02,PARKER SPECTRA 360 ELECTRODE GEL..2OZ 12/BX,1.06
PRK-12-08,PARKER SPECTRA 360 ELECTRODE GEL 8.5OZ 12/BX,2.02
REV-21660307,REVITALASH REVITABROW ADVANCED EYEBROW CONDITIONER 3ML,38.7
REV-21660307#,DAMAGED REVITALASH REVITABROW ADVANCED EYEBROW CONDITIONER 3ML,38.7
S&N-66000040,SMITH/NEPHEW OPSITE FLEXIFIX TRANSPARENT FILM ROLL 5CM X 10M,8.03
S&N-66000041,SMITH/NEPHEW OPSITE FLEXIFIX TRANSPARENT FILM ROL 10CM X 10M,11.28
S&N-66000317,SMITH/NEPHEW PRIMAPORE ADHESIVE DRESSING 10CMX8CM 20/BX,2.46
S&N-66000318,SMITH/NEPHEW PRIMAPORE ADHESIVE DRESSING 15CMX8CM 20/BX,3.2
S&N-66000319,SMITH/NEPHEW PRIMAPORE ADHESIVE DRESSING 20CMX10CM 20/BX,4.67
S&N-66250707(E),SMITH/NEPHEW CICA-CARE SILICONE WOUND DRESSING 12CMX15CM,12.99
S&N-66800269,"SMITH/NEPHEW ALLEVYN GENTLE BORDER 7,5CM X 7,5CM 10/BX",10.62
S&N-66800270,SMITH/NEPHEW ALLEVYN GENTLE BORDER DRESSING 4'X4' 10/BX,13.53
S&N-66800272,SMITH/NEPHEW ALLEVYN GENTLE BORDER 12.5CMX12.5CM 10/BX,19.71
S&N-66800898,SMITH/NEPHEW ALLEVYN GENTLE BORDER SACRUM DRESSING 10/BX,34.11
S&N-66801068,SMITH/NEPHEW ALLEVYN LIFE 12.9CM X 12.9COM 10/BX,23.78
SCI-OPT33W12,SCICAN OPTIM 33 TB WIPES 6X7,8.9416
SCI-OPT33W12(X12),SCICAN OPTIM 33 TB WIPES 6X7 12/PK,107.3
SDI-4002202, SDI PERMITE CAPS FAST SET 2 SPILL 50/JAR,58.65
SDI-4002303, SDI PERMITE CAPS REG SET 2 SPILL 50/JAR,57.3
SDI-4003202, SDI PERMITE CAPS FAST SET 3 SPILL 50/BOX,68.14
SDI-4011222, SDI PERMITE CAPS FAST SET 1 SPILL 500/PACK,0
SDI-4011323, SDI PERMITE CAPS REG SET 1 SPILL 500/PACK,323.94
SDI-4012323, SDI PERMITE CAPS REG SET 2 SPILL  500/PACK,0
SDI-4013303, SDI PERMITE CAPS REG SET 3 SPILL 500/PACK,0
SDI-4022202, SDI PERMITE CAPS FAST SET 2 SPILL 500/JAR,533.74
SDI-4023202, SDI PERMITE CAPS FAST SET 3 SPILL 500/PACK,589.57
SDI-4402202,SDI GS-80 CAPSULES 2 SPILL FAST SET 50/JAR,46.05
SDI-4402303,SDI GS-80 CAPSULES 2 SPILL REGULAR SET 50/JAR,41.75
SDI-4403202,SDI GS-80 CAPSULES 3 SPILL FAST SET 50/JAR,46.23
SDI-4403303,SDI GS-80 CAPSULES 3 SPILL REGULAR SET 50/JAR,46.23
SDI-4411222,SDI GS-80 CAPSULES 1 SPILL FAST SET ECON 500/BX,187.85
SDI-4411323,SDI GS-80 CAPSULES 1 SPILL REGULAR SET ECON 500/BX,189.02
SDI-4412303,SDI GS-80 CAPSULES 2 SPILL REGULAR SET ECON 50/BX,0
SDI-4412323,SDI GS-80 CAPSULES 2 SPILL REGULAR SET ECON 500/BX,262.99
SDI-4413303,SDI GS-80 CAPSULES 3 SPILL REGULAR SET ECON 50/BX,0
SDI-4413323,SDI GS-80 CAPSULES 3 SPILL REGULAR SET ECON 500/BX,321.48
SDI-4422202,SDI GS-80 CAPSULES 2 SPILL FAST SET 500/JAR,340.47
SDI-4422303,SDI GS-80 CAPSULES 2 SPILL REGULAR SET 500/JAR,259.24
SDI-4423202,SDI GS-80 CAPSULES 3 SPILL FAST SET 500/JAR,413.29
SDI-4423303,SDI GS-80 CAPSULES 3 SPILL REGULAR SET 500/JAR,413.29
SDI-7450001,SDI GLACIER COMPULES A1 20/PK,21.79
SDI-7500001,SDI WAVE SYRINGE DISPOSABLE TIPS 20/PK,3.17
SDI-7510102,SDI WAVE SYRINGE A1,0
SDI-7510203,SDI WAVE SYRINGE A2,0
SDI-7510304,SDI WAVE SYRINGE A3,0
SDI-7520003,SDI WAVE COMPLETE COMPULE A2 20/BOX,0
SDI-7700218,SDI POLA OFFICE 3 PATIENT-SET,73.12
SDI-7700256,SDI POLA OFFICE 1 PATIENT-SET,25.09
SDI-7700357,SDI POLA DAY MINI KIT 6%  4X1.3G,0
SDI-7700359,SDI POLA DAY SYRINGE KIT 6%  10X1.3G,0
SDI-7700361,SDI POLA DAY  BULK KIT 6%  50 X1.3G,0
SDI-8100045,SDI SUPER ETCH SYRINGE KIT WITH TIPS 10 X2ML,22.31
SER-SIBV2-L,SEROLA SACROILIAC BELT LARGE 40'-46',16.26
SER-SIBV2-M,SEROLA SACROILIAC BELT MEDIUM 34'-40',16.26
SER-SIBV2-S,SEROLA SACROILIAC BELT SMALL 30'-34',16.26
SHO-0046,SHOFU DURA-GREEN STONES HP WH4,0
SHO-0104,SHOFU DURA-GREEN STONES FG FL2,9.98
SHO-0108,SHOFU DURA-GREEN STONES FG RD2,8.96
SHO-0180,SHOFU ONE GLOSS KIT,33.69
SHO-0182,SHOFU ONEGLOSS MIDI PN,24.54
SHO-0211,SHOFU DURA-WHITE STONES TC4 H,9.65
SHO-0240,SHOFU DURA-WHITE STONES FG FL1,8.89
SHO-0241,SHOFU DURA-WHITE STONES FG CN1,8.99
SHO-0244,SHOFU DURA-WHITE STONES FG FL2,9.03
SHO-0247,SHOFU DURA-WHITE STONES FG RD1,8.99
SHO-0248,SHOFU DURA-WHITE STONES FG RD2,8.99
SHO-0271,SHOFU BROWNIE KN7 HP,23.37
SHO-0403,SHOFU BROWNIE MINI-POINT CA,0
SHO-0413,SHOFU BROWNIE MINI-POINT FG,9.36
SHO-0414,SHOFU GREENIE MINI-POINT FG,9.96
SHO-0500,SHOFU SUPER SNAP RAINBOW TECHIQUE KIT,27.86
SHO-0816-1,SHOFU ROBOT DIAMOND POINTS FG 0816,12
SHO-1484,SHOFU BEAUTIFUL FLOW TIPS NEEDLE 50/BX,7.04
SHO-1752,SHOFU BEAUTIFUL II TIPS A1,29.47
SHO-1753,SHOFU BEAUTIFIL II TIPS A2,29.47
SHO-1754,SHOFU BEAUTIFIL II TIPS A3,29.47
SHO-1755,SHOFU BEAUTIFUL II TIPS A3.5,29.73
SHO-H413,SHOFU BROWNIE MINI-POINTS FG 72/BX,46.82
SHO-HG22,SHOFU DURA-GREEN STONES HP IC9 72/BOX,44.74
SHO-L501,SHOFU SUPER SNAP DISKS POLISHING,6.54
SHO-L502,SHOFU SUPER SNAP DISKS SUPERPOLISHING,7.78
SHO-L506,SHOFU SUPER SNAP DISKS CONTOURING,6.52
SHO-L507,SHOFU SUPER SNAP DISKS CONTOURING BLACK SSD,6.52
SHO-L508,SHOFU SUPER SNAP DISKS FINISHING,7.23
SHO-L509,SHOFU SUPER SNAP DISKS FINISHING VIOLET SSU,6.55
SHO-L519,SHOFU SUPER SNAP DISKS POLISHING DARK GREEN MINI,6.55
SHO-L521,SHOFU SUPER SNAP DISKS SUPER POLISHING  RED MINI,6.55
SHO-L522,SHOFU SUPER SNAP DISKS FINISHING  VIOLET MINI,7.52
SHO-L523,SHOFU SUPER SNAP BUFF DISK,9.49
SHO-L524,SHOFU SUPER-SNAP BUFF DISKS MINI 25/BX,10.04
SHO-L525,SHOFU SUPER SNAP STRIPS BLACK/VIOLET COARSE,10.68
SHO-L526,SHOFU SUPER SNAP DISKS FINISHING  RED/GREEN FINE,0
SHO-L528,SHOFU SUPER SNAP DISKS FINISHING DS DARK VIOLET,6.55
SIR-6176510,SIRONA XIOS SENSOR HOLDERS ANTERIOR BLUE 100/PK,27.39
SIR-6176528,SIRONA XIOS SENSOR HOLDERS POSTERIOR YELLOW 100/PK,26.12
SIR-6176536,SIRONA XIOS SENSOR HOLDERS BITEWING RED 100/PK,31.23
SOT-132126,SOTHYS NUTRITIVE COMFORT CREAM 1.69 OZ,21.37
SOT-140172,SOTHYS HYDRATING CREAM 1.69 OZ,23.41
SOT-140174,SOTHYS HYDRATING GEL-CREAM 1.69 OZ,23.41
SOT-140176,SOTHYS HYDRATING SERUM 1.69 OZ,23.41
SOT-151230,SOTHYS HYDRA PROTECTIVE CREAM 1.69 OZ,11.2
SOT-154131,SOTHYS ACTIVE CREAM 1.69 OZ,11.2
SOT-154231,SOTHYS HYDRA MATT FLUID 1.69 OZ,10.69
SOT-160172,SOTHYS VITALITY CLEANSING MILK 6.7 OZ,7.68
SOT-160174,SOTHYS VITALITY LOTION 6.7 OZ,7.89
SOT-160188,SOTHYS MORNING CLEANSER 4.1 OZ,10.69
SOT-160190,SOTHYS PURIFYING FOAMING GEL CLEANSER 4.2 OZ,9.16
SOT-160214,SOTHYS MULTI ACTION EYE CONTOUR 0.5 OZ,19.85
SOT-166130,SOTHYS SECRETS DE SOTHYS CREAM 1.69 OZ,50.89
SOT-184330,SOTHYS NOCTUELLE WITH AHA AND VIT C 1.69 OZ,20.36
SSW-13004,SS WHITE BURS FG4 (100/PK),78.51
SSW-13088,SS WHITE BURS FG GW6 (100/PK),0
SSW-13091,SS WHITE BURS GREAT WHITE CARBIDE FG557 100/PK,141.39
SSW-13095,SS WHITE BURS FG GW2 (100/PK),141.39
SSW-13245,SS WHITE BURS FG245 (100/PK),80.82
SSW-13290,SS WHITE BURS FG330S (100/PK),88.43
SSW-13330,SS WHITE BURS FG330 (100/PK),88.56
SSW-13557,SS WHITE BURS FG557 (100/PK),80.82
SSW-13806,SS WHITE BURS RA6 (100/PK),87.94
SSW-14001-5,SS WHITE BURS SURGICAL SL FG1 (5/PK),0
SSW-14002-5,SS WHITE BURS SURGICAL SL FG2 (5/PK),7.83
SSW-14006-5,SS WHITE BURS SURGICAL SL FG6 (5/PK),7.83
SSW-14008-5,SS WHITE BURS SURGICAL SL FG8 (5/PK),7.83
SSW-14057-5,SS WHITE BURS SURGICAL SL FG557 (5/PK),7.83
SSW-14058-5,SS WHITE BURS SURGICAL SL FG558 (5/PK),7.83
SSW-14060-5,SS WHITE BURS SURGICAL SL FG1558 (5/PK),7.83
SSW-14074-5,SS WHITE BURS SURGICAL SL FG1702 (5/PK),7.37
SSW-14112-5,SS WHITE BURS SURGICAL SL RA2 (5/PK),7.83
SSW-14116-5,SS WHITE BURS SURGICAL SL RA6 (5/PK),7.84
SSW-14727,SS WHITE BURS RA4 (10/PK),0
SSW-14733,SS WHITE BURS RA6 (10/PK),9.61
SSW-14820,SS WHITE BURS CARBIDE HP 1/4 10/PK,9.27
SSW-14871,SS WHITE BURS CARBIDE HP 557 10/PK,0
SSW-14874,SS WHITE BURS CARBIDE HP FG558 10/PK,9.31
SSW-14886,SS WHITE BURS HP701 (10/PK),9.3
SSW-15001,SS WHITE BURS FG330 (10/PK),0
SSW-15006,SS WHITE BURS FG557 (10/PK),0
SSW-15024,SS WHITE BURS FG1558 (10/PK),0
SSW-15052,SS WHITE BURS FG245 (10/PK),9.83
SSW-15088-5,SS WHITE BURS FINISHING FG7006 (5/PK),17.08
SSW-15092-5,SS WHITE BURS TRIM & FINISHING FG7803 (5/PK),16.99
SSW-15093-5,SS WHITE BURS 12 BLADE T&F FG7902 (5/PK),17.09
SSW-15095-5,SS WHITE BURS 12 BLADE T&F FG7406 (5/PK),17.08
SSW-15106-5,SS WHITE BURS FINISHING FG7404 (5/PK),17.08
SSW-15121-5,SS WHITE BURS 12 BLADE T&F FG7901 (5/PK),17.08
SSW-15304-5,SS WHITE BURS 12 BLADE T&F #7304 (5/PK),0
SSW-15370-5,SS WHITE BURS 12 BLADE T&F #7378 (5/PK),17.08
SSW-15379-5,SS WHITE BURS FINISHING FG7379 (5/PK),16.61
SSW-15380-5,SS WHITE BURS 20 BLADE T&F #8379 (5/PK),17.08
SSW-15408-5,SS WHITE BURS FINISHING FG7408 (5/PK),17.09
SSW-15801-5,SS WHITE BURS TRIM & FINISHING FG7801 (5/PK),17.06
SSW-15903-5,SS WHITE BURS TRIM & FINISHING FG7903 (5/PK),0
SSW-16001-5,SS WHITE BURS TRIM & FINISHING FG CFT1 (5/PK),17.08
SSW-16002-5,SS WHITE BURS TRIM & FINISHING FG CFT2 (5/PK),16.61
SSW-16003-5,SS WHITE BURS TRIM & FINISHING FG CFT3 (5/PK),17.08
SUL-21115,SULTAN DENTAL PUREVAC 5 LITRE BOTTLE,51.82
SUL-30000,SULTAN DENTAL TOPEX PROPHY PASTE ASST 200/BX,16.32
SUL-30001,SULTAN DENTAL TOPEX PROPHY PASTE COARSE CHERRY  200/BOX,15.2
SUL-30012,SULTAN DENTAL TOPEX PROPHY PASTE MEDIUM MINT 200/BOX,15.99
SUL-30015,SULTAN DENTAL TOPEX PROPHY PASTE MEDIUM ASSORTED 200/BOX,15.99
SUL-31001,SULTAN DENTAL TOPEX TOPICAL GEL CHERRY,0
SUL-31002,SULTAN DENTAL TOPEX TOPICAL GEL MINT,0
SUL-31004,SULTAN DENTAL TOPEX TOPICAL GEL PINA COLADA,3.67
SUL-31005,SULTAN DENTAL TOPEX TOPICAL GEL BUBBLE-NUM,3.8
SUL-31006,SULTAN DENTAL TOPEX TOPICAL GEL STRAWBERRY,4.64
SUL-31007,SULTAN DENTAL TOPEX TOPICAL GEL RAZZBERRY,3.66
SUL-77610,SULTAN DENTAL GENIE VPS RAPID SET LIGHT BODY 2x 50ml,0
SUL-77615,SULTAN DENTAL GENIE VPS STD SET LIGHT BODY 2x 50ml,0
SUL-77620,SULTAN DENTAL GENIE VPS RAPID SET REG BODY 2x 50ml,0
SUL-77630,SULTAN DENTAL GENIE VPS RAPID SET HEAVY BODY 2x 50ml,16.9
SUL-77635,SULTAN DENTAL GENIE VPS STD SET HEAVY BODY 2x 50ml,18.01
SUL-77640,SULTAN DENTAL GENIE BITE REGISTRATION FAST SET 2/PK,21.02
SUL-77645,SULTAN DENTAL GENIE BITE REGISTRATION SUPER FAST SET 2/PK,22.94
SUL-77650,SULTAN DENTAL GENIE PUTTY RAPID SET 600ML/PK,46.38
SUL-77655,SULTAN DENTAL GENIE PUTTY REGULAR SET 600ML/PK,46.38
SUL-83000,SULTAN DENTAL ASSURE PLUS POUCHES 3.25 X 6.5 200/BX,0
TOK-13110,TOKUYAMA ESTELITE SIGMA QUICK SYRINGE 3.8GM A1,29.92
TOK-13111,TOKUYAMA ESTELITE SIGMA QUICK SYRINGE 3.8GM A2,29.92
TOK-13112,TOKUYAMA ESTELITE SIGMA QUICK SYRINGE 3.8GM A3,29.92
TOK-13310,TOKUYAMA ESTELITE SIGMA QUICK PLT A1 20/PK,0
TOK-13310(E),TOKUYAMA ESTELITE SIGMA QUICK PLT A1 20/PK                  ..,41.68
TOK-13311,TOKUYAMA ESTELITE SIGMA QUICK PLT A2 20/PK,39.65
TOK-13311(E),TOKUYAMA ESTELITE SIGMA QUICK PLT A2 20/PK,41.95
TOK-13312,TOKUYAMA ESTELITE SIGMA QUICK PLT A3 20/PK,36.95
TOK-13312(E),TOKUYAMA ESTELITE SIGMA QUICK PLT A3 20/PK,41.95
TOK-20506,TOKUYAMA REBASE II HARD LINER POWDER AND LIQUID KIT,72.01
TOR-MS407,TORBOT SKIN TAC LIQUID ADHESIVE BARRIER 4OZ,4.5
TOR-MS407W,TORBOT SKIN TAC ADHESIVE BARRIER WIPES 50/BX,5.62
TOR-MS408W,TORBOT TACAWAY ADHESIVE REMOVER WIPES 50/BX,5.62
ULT-111-CN,ULTRADENT ASTRINGEDENT BOTTLE 30ML,23.65
ULT-131(E),ULTRADENT ULTRAPAK CORD #0,6.06
ULT-132(E),ULTRADENT ULTRAPAK CORD #1,6.06
ULT-133(E),ULTRADENT ULTRAPAK CORD #2,6.06
ULT-134(E),ULTRADENT ULTRAPAK CORD #3,6.13
ULT-136(E),ULTRADENT ULTRAPAK CORD #00,6.78
ULT-137(E),ULTRADENT ULTRAPAK CORD #000,7.32
ULT-164,ULTRADENT ULTRA-ETCH REFILL,14.17
ULT-168,ULTRADENT ULTRA-ETCH ECONO REFILL,48.18
ULT-1825,ULTRADENT OPALDAM GREEN 4X1.2ML SYRINGE REFILL              ..,31.93
ULT-241,ULTRADENT LC BLOCK-OUT RESIN REFILL,16.77
ULT-2560,ULTRADENT DENTO-INFUSOR METAL TIPS 500/PK,179.47
ULT-4750,ULTRADENT OPALESCENCE PF 40% INTRO KIT,86.77
ULT-4751,ULTRADENT OPALESCENCE PF 40% PATIENT KIT                    ..,43.03
ULT-5348,ULTRADENT OPALESCENCE PF 45% ECONO REFILL                   ..,99.54
ULT-5379,ULTRADENT OPALESCENCE PF 10% MINT DOCTOR KIT                ..,30.44
ULT-6408,ULTRADENT VISCOSTAT CLEAR INDISPENSE REFILL,23.65
ULT-645-CN,ULTRADENT VISCOSTAT INDISPENSE REFILL,23.59
ULT-685,ULTRADENT ULTRA-ETCH INDISPENSE REFILL,35.15
VIV-532687,VIVADENT HELIOMOLAR SYRINGES 140/A2 3GM/EA,31.11
VIV-532907,VIVADENT HELIBOND LIQUID 6ML,33.2
VIV-533602,VIVADENT POLITIP FINISHER GREY POINT B,9.23
VIV-533604,VIVADENT POLITIP FINISHER GREY SMALL CUP D,8.97
VIV-533648,VIVADENT MIXING WELL W COVER,6.17
VIV-541501,VIVADENT HELIOMOLAR CARTRIDGE REFILL 110/A1/20,55.81
VIV-541502,VIVADENT HELIOMOLAR CARTRIDGE REFILL 140/A2/22,55.81
VIV-541503,VIVADENT HELIOMOLAR CARTRIDGE REFILL 210/A3/U,55.81
VIV-557030,VIVADENT HELIOMOLAR FLOW REFILLS 110/A1/20,16.37
VIV-557031,VIVADENT HELIOMOLAR FLOW REFILLS 140/A2/22,16.37
VIV-590313,VIVADENT TETRIC EVOCERAM SYRINGE A2,32.43
VIV-590314,VIVADENT TETRIC EVOCERAM SYRINGE A3,32.42
VIV-590331,VIVADENT TETRIC EVOCERAM CAVIFIL CAPS A1 20/BX,53.12
VIV-590332,VIVADENT TETRIC EVOCERAM CAVIFIL CAPS A2 20/BX,48.99
VIV-590333,VIVADENT TETRIC EVOCERAM CAVIFIL CAPS A3 20/BX,53.11
VIV-590334,VIVADENT TETRIC EVOCERAM CAVIFIL CAPS A3.5 20/BX,46.51
VIV-595953,VIVADENT TETRIC EVOFLOW SYRINGE A1 2GM/EA,20.7
VIV-595954,VIVADENT TETRIC EVOFLOW SYRINGE A2 2GM/EA,20.7
VIV-595955,VIVADENT TETRIC EVOFLOW SYRINGE A3 2GM/EA,20.7
VIV-595956,VIVADENT TETRIC EVOFLOW SYRINGE A3.5 2GM/EA,0
VIV-615216,VIVADENT MULTILINK AUTOMIX EASY REFILL TRANS,113.48
VIV-626221,VIVADENT MONOBOND PLUS 5GM,49.03
VIV-627911,VIVADENT TELIO CS DESENSITIZER BOTTLE 5G,0
VIV-637568,VIVADENT IVOCLEAN CLEANING PASTE 5gm,19.98
VIV-638227,VIVADENT TETRIC EVOCERAM BULK FILL CAPS IVA 20/BX,45.48
VIV-638228,VIVADENT TETRIC EVOCERAM BULK FILL CAPS IVB 20/BX,46.57
VIV-641360,VIVADENT TETRIC EVOFLOW SYRINGE A2 DENTIN 2GM/EA,0
VIV-665156,VIVADENT ADHESE UNIVERSAL VIVAPEN REFILL 2mL/EA             ..,40.39
VOC-1479,VOCO STRUCTUR 2 SC REFILL 75GM A1,69.75
VOC-1480,VOCO STRUCTUR 2 SC REFILL 75GM A2,69.75
VOC-1482,VOCO STRUCTUR 2 SC REFILL 75GM B1,69.75
VOC-1840,VOCO GRANDIO CAPSULES A1  REFILL 20X 0.25GM,55.8
VOC-1841,VOCO GRANDIO CAPSULES A2  REFILL 20X 0.25GM,55.8
VOC-1842,VOCO GRANDIO CAPSULES A3  REFILL 20X 0.25GM,55.8
VOC-1863,VOCO GRANDIO FLOW SYRINGE A1 2/PK 2.0GM,48.83
VOC-1864,VOCO GRANDIO FLOW SYRINGE A2 2/PK 2.0GM,48.83
VOC-2650,VOCO GRANDIOSO CAPSULES 0.25GM A1 16/PK,54.64
VOC-2651,VOCO GRANDIOSO CAPSULES 0.25GM A2 16/PK,54.64
VOC-2652,VOCO GRANDIOSO CAPSULES 0.25GM A3 16/PK,54.64
VOC-2685,VOCO GRANDIOSO HEAVY SYRINGE A2 2GM  2/PK,51.15
WEL-01690-410,WELCH ALLYN SURE TEMP PLUS THERMOMETER W ORAL PROBE 4FT CORD,0
WEL-06000-800,WELCH ALLYN THERMOSCAN PRO6000 PROBE COVER DISPOSABLE 200/BX,6.6
WEL-07600-U,WELCH ALLYN HALOGEN LAMP 2.5V,0
WEL-24400-U,WELCH ALLYN SPECULA SET OF 4 RESUABLE 2.5 /3 /4 /5mm,3.29
WEL-52432-U,WELCH ALLYN OTOSCOPE SPECULA DISP. 850/BG 2.75MM - CS OF 10,19.5
WEL-52434-U,WELCH ALLYN OTOSCOPE SPECULA DISP. 850/BG 4.25MM - CS OF 10,19.5
WEL-92821,WELCH ALLYN AA BAT 2.5V POCKETSCOPE DIAG SET & SOFT CASE,221.79
ZST-89432,ZEST/DANVILLE THIN FLEX MATRICES SMALL 100/PK,18
ZST-89434,ZEST/DANVILLE THIN FLEX MATRICES LARGE 100/PK,18.23
3MD-3525TKA,3M ESPE RELY X LUTING PLUS CEMENT TRIAL KIT                 ..,17.5
3MD-41926(X2),3M ESPE ADPER PROMPT L-POP SELF ETCH ADHESIVE GIANT PACK (200),166.04
3MD-6029A1B-US,3M ESPE FILTEK SUPREME CAPSULE A1 BODY (20X.20GM)           ..,46.01
3MD-6029A3B-US,3M ESPE FILTEK SUPREME CAPSULE A3 BODY (20X.20GM)           ..,46.01
3MD-7301(X2),3M ESPE EXPRESS LIGHT-BODY FAST SET(REFILL 2-PACK)          ..,45.54
3MD-7302(X2),3M ESPE EXPRESS LIGHT-BODY REGULAR SET (REFILL 2-PACK),20.02
3MD-77949(OLD),3M Espe Penta Mixing Tips Refill 50/Pk  old style,31.58
3MM-1539(X3),3M MEDICAL NEXCARE OPTICLUDE EYE PATCH 3.18' X 2.18' 20/BX 3/PK,8.25
3MM-1539(X4),3M MEDICAL NEXCARE OPTICLUDE EYE PATCH 3.18' X 2.18' 20/BX 4/PK,11
3MM-1626W(X2),3M MEDICAL TEGADERM DRESSING 10CMx12CM 50/BOX 2/PK,19.64
3MM-2560(X2),3M MEDICAL RED DOT MONITORING ELECTRODE FOAM 2/PK,6.46
BEA-FG1157(10),BEAVER BURS FG1157 10/PK,5.78
BEA-FG1157HB,BEAVER BURS FG1157 100/PK HOUSE BRAND,56.64
BEA-FG1157HB(10),BEAVER BURS FG1157 10/PK HOUSE BRAND,5.66
BEA-FG1557HB,BEAVER BURS FG1557 100/PK HOUSE BRAND,57.79
BEA-FG169(10),BEAVER BURS FG169 10/PK,0
BEA-FG169HB,BEAVER BURS FG169 100/PK  HOUSE BRAND,0
BEA-FG2(10),BEAVER BURS FG2 10/PK,5.67
BEA-FG245HB,BEAVER BURS FG245 100/PK  HOUSE BRAND,58.96
BEA-FG2HB,BEAVER BURS FG2 100/PK HOUSE BRAND,56.65
BEA-FG330HB,BEAVER BURS FG330 100/PK   HOUSE BRAND,58.96
BEA-FG331HB,BEAVER BURS FG331 100/PK    HOUSE BRAND,57.77
BEA-FG332HB,Beaver Burs FG332 100/Pk HOUSE BRAND,57.77
BEA-FG3HB,Beaver Burs FG3 100/Pk  HOUSE BRAND,57.7
BEA-FG556(10),BEAVER BURS FG556 10/PK,5.54
BEA-FGOS701(10),BEAVER BURS FGOS701 10/PK,9.92
BEA-FGOS702(10),BEAVER BURS SURGICAL FGOS702 10/PK,9.53
BEA-FGSS330(10),BEAVER BURS FGSS330 10/PK,5.78
BEA-RA2(10),BEAVER BURS RA2 10/PK,6.3
BEA-RA4(10),BEAVER BURS RA4 10/PK,6.3
BEA-RA6(10),BEAVER BURS RA6 10/PK,6.3
BEA-RA8(10),BEAVER BURS RA8 10/PK,6.3
BEA-TF7006(10),BEAVER BURS TF7006 10/PK,18.41
BEA-TF7901(10),BEAVER BURS TF7901 10/PK,18.41
BEU-0283-0293-31(X2),BEUTLICH HURRICANE TOPICAL GEL WATERMELON 1OZ 12/CS 2/PK,8.86
CON-183910(X3),CONVATEC STOMAHESIVE PASTE 2 OZ. TUBE 1/BX 3.PK,14.49
GCD-000136-B,GC FUJI I CEMENT 1:1 PACKAGE LY..,69.53
GCD-002258(X2),GC FUJI CEM AUTOMIX REFILL PACKAGE  (x2)               ..,101.24
KER-31513HB(E),KERR OPTIBOND S   HOUSE BRAND,16.04
KER-31513US(E),KERR OPTIBOND SOLO PLUS REFILL,16.04
KUL-66002103E(X4),KULZER FLEXITIME EASY PUTTY 600ML 4/PK,155.76
KUL-66002186E(X6),KULZER FLEXITIME CORRECT FLOW CART 50 ML 6/PKG,110.46
KUL-66002193(X6),KULZER FLEXITIME HEAVY TIME TRAY (2 X 50ML) 6/PK,111.12
KUL-66035991(X3),KULZER FLEXITIME DYNAMIX PUTTY (2X380ML)  BULK CASE,261.48
KUL-66035992(X3),KULZER FLEXITIME DYNAMIX HT REFILL (2X380ML)  BULK PACK,233.1
KUL-66041061(X6),KULZER FLEXITIME EXTRA LIGHT FLOW BULK PACK,165.9
KUL66040094(X3),KULZER IBOND TOTAL ETCH REFILL 4ML PACK OF 3,145.5
MDL-MSC092915H(X3),MEDLINE REMEDY PHYTOPLEX LIP BALMS 0.15OZ 3/PK,4.26
MDL-MSC094514(x12)X,MEDLINE REMEDY OLIVAMINE DIMETHICONE SKIN PROTECT 4OZ 12/CS,38.4
NKY-7000313(1),KEYSTONE HIGH VOLUME EVACUATOR TIPS D-3 HVE WHITE 100/BAG,1.93
PRK-01-08(X2),PARKER AQUASONIC 100 ULTRASOUND TRANSMISSION GEL 0.25L 12/BX 2/PK,3.32
PRK-03-08(X2),PARKER AQUASONIC CLEAR ULTRASOUND GEL 0.25L 12/BX 2/PK,3.44
PRK-12-02(X2),PARKER SPECTRA 360 ELECTRODE GEL..2OZ 12/BX 2/PK,2.12
PRK-12-08(X2),PARKER SPECTRA 360 ELECTRODE GEL 8.5OZ 12/BX 2/PK,4.04
SHO-0816-1(1),SHOFU ROBOT DIAMOND POINTS FG 0816   1 PCS,1.99
WEL-52434-U(3),WELCH ALLYN OTOSCOPE SPECULA DISP. 850/BG 4.25MM - CS OF 10 3/PK,2.34
Amazon Fee,,0
Amazon Subscription,,0
AMZ Shipping Charge,Canadian Shipping on Items Sold,0
Brokerage Reimb,,0
Chargeback,,0
Freight In,,0
Freight Reimb,,0
Gift Wrap,Gift Wrap Charged on Items Sold,0
Net32 Refund,Net32 Courtesy Refund,0
NI CHARGE,No Item Charge for Amazon,0
NI Refund,No item refund,0
Other,,0
Shipping Charge,Shipping on Items Sold,0
Net32,Net32,0
Amazon Ca Tax,Amazon Ca Tax,0
Amazon Tax Charged,Amazon Tax Charged,0
GST,GST on sales,0
GST (ITC),GST on purchases (Input Tax Credit),0
HNB,Tax for NB,0
HST (ITC) Adjustments,HST Adjustments on purchases (Input Tax Credit),0
HST (ITC) Zero Rated,HST on Zero Rated purchases (Input Tax Credit),0
HST (ON),HST (ON) on sales,0
HST (ON) (ITC),HST (ON) on purchases (Input Tax Credit),0
HST Adjustments,HST Adjustments on sales,0
HST Instalments,HST Instalments and net tax paid,0
HST Zero Rated,HST on Zero Rated sales,0
PST (ON),PST (ON) on sales,0
PST (ON) Adjustment,PST (ON) Adjustments on sales,0
PST (ON) Compensation,PST (ON) Compensation,0
PST (ON) on purchases,PST (ON) on purchases,0
Tax on purchases,Tax paid on purchases,0
Tax on sales,Tax collected on sales,0
Standard ON Purchases,GST and PST (ON) on purchases,0
Standard ON Sales,GST and PST (ON) on sales,0
