Brand,SKU
3M ESPE,3MD-10771(e) 2
3M ESPE,3MD-10771J
3M ESPE,3MD-12627(E)
3M ESPE,3MD-1942FB
3M ESPE,3MD-1942FR
3M ESPE,3MD-1954
3M ESPE,3MD-1954N
3M ESPE,3MD-1956
3M ESPE,3MD-1981C
3M ESPE,3MD-1981F
3M ESPE,3MD-1981M
3M ESPE,3MD-1981SF
3M ESPE,3MD-1982C
3M ESPE,3MD-1982F
3M ESPE,3MD-1982M
3M ESPE,3MD-1982SF
3M ESPE,3MD-1983RA
3M ESPE,3MD-2000F
3M ESPE,3MD-2380
3M ESPE,3MD-2381C
3M ESPE,3MD-2381F
3M ESPE,3MD-2381M
3M ESPE,3MD-2381SF
3M ESPE,3MD-2382C
3M ESPE,3MD-2382F
3M ESPE,3MD-2382M
3M ESPE,3MD-2382SF
3M ESPE,3MD-30103(E)
3M ESPE,3MD-30413(E)
3M ESPE,3MD-30600
3M ESPE,3MD-31642(E)
3M ESPE,3MD-31712(E)
3M ESPE,3MD-31731(E)
3M ESPE,3MD-31731-B
3M ESPE,3MD-31752(E)
3M ESPE,3MD-31765(E)
3M ESPE,3MD-3505(E)
3M ESPE,3MD-3505 
3M ESPE,3MD-3505ex
3M ESPE,3MD-3505L
3M ESPE,3MD-3505P
3M ESPE ,3MD-3525
3M ESPE,3MD-3525(E)
3M ESPE ,3MD-3525(TK)
3M ESPE,3MD-3535(E)
3M ESPE,3MD-3525(TE)
3M ESPE,3MD-37010
3M ESPE,3MD-37231(E)
3M ESPE,3MD-38216
3M ESPE,3MD-38236
3M ESPE,3MD-38265
3M ESPE,3MD-41258
3M ESPE,3MD-41258(E)
3M ESPE,3MD-41263
3M ESPE,3MD-41926
3M ESPE,3MD-41926(X2)
3M ESPE,3MD-44130
3M ESPE,3MD-44313
3M ESPE,3MD-46954
3M ESPE,3MD-46956
3M ESPE,3MD-46957
3M ESPE,3MD-4720A3(E)
3M ESPE,3MD-4720B2(E)
3M ESPE,3MD-4720C2(E)
3M ESPE,3MD-4862A2(E)
3M ESPE,3MD-4864A2
3M ESPE,3MD-51102(E)
3M ESPE,3MD-56061(E)
3M ESPE,3MD-56660
3M ESPE,3MD-56816
3M ESPE,3MD-56818
3M ESPE,3MD-56819
3M ESPE,3MD-56846
3M ESPE,3MD-56848
3M ESPE,3MD-56849
3M ESPE,3MD-56861
3M ESPE,3MD-56872
3M ESPE,3MD-56877
3M ESPE,3MD-56878
3M ESPE,3MD-56890
3M ESPE,3MD-56941(E)
3M ESPE,3MD-5904A1(E)
3M ESPE,3MD-5904A2(E)
3M ESPE,3MD-5904A3(E)
3M ESPE,3MD-5904A3.5(E)
3M ESPE,3MD-5904B2(E)
3M ESPE,3MD-5904UD(E)
3M ESPE,3MD-5905A1
3M ESPE,3MD-5905A2
3M ESPE,3MD-5905A3
3M ESPE,3MD-5905A3.5
3M ESPE,3MD-5905B2
3M ESPE,3MD-5905B3
3M ESPE,3MD-5907P
3M ESPE,3MD-6020A1
3M ESPE,3MD-6020A1(E)
3M ESPE,3MD-6020A2
3M ESPE,3MD-6020A2(E)
3M ESPE,3MD-6020A3
3M ESPE,3MD-6020A3(E)
3M ESPE,3MD-6020A3.5
3M ESPE,3MD-6020A3.5(E)
3M ESPE,3MD-6020A4
3M ESPE,3MD-6020A4(E)
3M ESPE,3MD-6020B1
3M ESPE,3MD-6020B1(E)
3M ESPE,3MD-6020B2
3M ESPE,3MD-6020B2(E)
3M ESPE,3MD-6020C2
3M ESPE,3MD-6020UD
3M ESPE,3MD-6020UD(E)
3M ESPE,3MD-6021A1
3M ESPE,3MD-6021A2
3M ESPE,3MD-6021A3
3M ESPE,3MD-6021A3.5
3M ESPE,3MD-6021A4
3M ESPE,3MD-6021B1
3M ESPE,3MD-6021B2
3M ESPE,3MD-6021C2
3M ESPE,3MD-6021D3
3M ESPE,3MD-6028A1B(E)
3M ESPE,3MD-6028A2B(E)
3M ESPE,3MD-6028A3B(E)
3M ESPE,3MD-6029A1B(E)
3M ESPE,3MD-6029A1B(EU)
3M ESPE,3MD-6029A1B-US
3M ESPE,3MD-6029A2B(E)
3M ESPE,3MD-6029A2B(EU)
3M ESPE,3MD-6029A3.5B(E)
3M ESPE,3MD-6029A3.5B(EU)
3M ESPE,3MD-6029A3B(E)
3M ESPE,3MD-6029A3B(EU)
3M ESPE,3MD-6029A3B-US 
3M ESPE,3MD-6029A4B(E)
3M ESPE,3MD-6029B1B(E)
3M ESPE,3MD-6032A1(EU)
3M ESPE,3MD-6032A2(EU)
3M ESPE,3MD-6LL4
3M ESPE,3MD-6LL5
3M ESPE,3MD-6LR5
3M ESPE,3MD-6UL2
3M ESPE,3MD-6UL3
3M ESPE,3MD-6UL4
3M ESPE,3MD-6UR2
3M ESPE,3MD-6UR4
3M ESPE,3MD-6UR5
3M ESPE,3MD-6UR7
3M ESPE ,3MD-712-034
3M ESPE,3MD-712-035
3M ESPE,3MD-712-036
3M ESPE,3MD-71210
3M ESPE,3MD-71225
3M ESPE,3MD-71521
3M ESPE,3MD-71522
,3MD-7301
3M ESPE,3MD-7301(X2)
3M ESPE,3MD-7302
3M ESPE,3MD-7302(x2)
3M ESPE,3MD-7307
3M ESPE,3MD-7312
3M ESPE,3MD-7322
3M ESPE,3MD-7510
3M ESPE,3MD-7512L
3M ESPE,3MD-7542
3M ESPE,3MD-7542(E)
3M ESPE,3MD-7543
3M ESPE,3MD-7572
3M ESPE,3MD-77949
3M ESPE,3MD-77949-2
3M ESPE,3MD-907001
3M ESPE,3MD-907005
3M ESPE,3MD-907006
3M ESPE,3MD-907011
3M ESPE,3MD-907012
3M ESPE,3MD-907014
3M ESPE,3MD-907015
3M ESPE,3MD-907016
3M ESPE,3MD-907021
3M ESPE,3MD-907022
3M ESPE,3MD-907023
3M ESPE,3MD-907024
3M ESPE,3MD-907025
3M ESPE,3MD-907031
3M ESPE,3MD-907032
3M ESPE,3MD-907033
3M ESPE,3MD-907036
3M ESPE,3MD-907041
3M ESPE,3MD-907042
3M ESPE,3MD-907043
3M ESPE,3MD-907044
3M ESPE,3MD-907045
3M ESPE,3MD-907046
3M ESPE,3MD-907051
3M ESPE,3MD-907054
3M ESPE,3MD-907056
3M ESPE,3MD-C-180
3M ESPE,3MD-DLL2
3M ESPE,3MD-DLL3
3M ESPE,3MD-DLL4
3M ESPE,3MD-DLL5
3M ESPE,3MD-DLL6
3M ESPE,3MD-DLL7
3M ESPE,3MD-DLR2
3M ESPE,3MD-DLR3
3M ESPE,3MD-DLR4
3M ESPE,3MD-DLR5
3M ESPE,3MD-DLR6
3M ESPE,3MD-DLR7
3M ESPE,3MD-DUL2
3M ESPE,3MD-DUL3
3M ESPE,3MD-DUL4
3M ESPE,3MD-DUL5
3M ESPE,3MD-DUL6
3M ESPE,3MD-DUL7
3M ESPE,3MD-DUR2
3M ESPE,3MD-DUR3
3M ESPE,3MD-DUR4
3M ESPE,3MD-DUR5
3M ESPE,3MD-DUR6
3M ESPE,3MD-ELL2
3M ESPE,3MD-ELL3
3M ESPE,3MD-ELL4
3M ESPE,3MD-ELL5
3M ESPE,3MD-ELL6
3M ESPE,3MD-ELL7
3M ESPE,3MD-ELR2
3M ESPE,3MD-ELR3
3M ESPE,3MD-ELR4
3M ESPE,3MD-ELR5
3M ESPE,3MD-ELR6
3M ESPE,3MD-ELR7
3M ESPE,3MD-EUL2
3M ESPE,3MD-EUL3
3M ESPE,3MD-EUL4
3M ESPE,3MD-EUL5
3M ESPE,3MD-EUL6
3M ESPE,3MD-EUR2
3M ESPE,3MD-EUR3
3M ESPE,3MD-EUR4
3M ESPE,3MD-EUR5
3M ESPE,3MD-EUR6
3M ESPE,3MD-EUR7
3M ESPE,3MD-L61
3M ESPE,3MD-L62
3M ESPE,3MD-L65
3M ESPE,3MD-L72
3M ESPE,3MD-L73
3M ESPE,3MD-L75
3M ESPE,3MD-ND96
3M ESPE,3MD-P10
3M ESPE,3MD-P100
3M ESPE,3MD-P101
3M ESPE,3MD-P102
3M ESPE,3MD-P11
3M ESPE,3MD-P19
3M ESPE,3MD-P2
3M ESPE,3MD-P20
3M ESPE,3MD-P200
3M ESPE,3MD-P22
3M ESPE,3MD-P30
3M ESPE,3MD-P31
3M ESPE,3MD-P40
3M ESPE,3MD-P41
3M ESPE,3MD-P42
3M ESPE,3MD-P43
3M ESPE,3MD-P44
3M ESPE,3MD-P50
3M ESPE,3MD-P51
3M ESPE,3MD-P52
3M ESPE,3MD-P53
3M ESPE,3MD-P60
3M ESPE,3MD-PO96
3M ESPE,3MD-U43
3M ESPE,3MD-U53
3M ESPE,3MD-U65
3M ESPE,3MD-U67
3M ESPE,3MM-R1547
KERR,ACT-261001
KERR,ACT-261005
KERR,ACT-261030
KERR,ACT-F00245
KERR,ACT-F00246
KERR,ACT-F00247
KERR,ACT-F00253
KERR,ACT-F00254
KERR,ACT-F00369
ATI,ATI-AP02/30B
ATI,ATI-AP02/35B
ATI,ATI-AP02/45B
ATI,ATI-GG3/28
AURELIA GLOVES (MISC),AUR-99827
BEAVER,BEA-FG1/2
BEAVER,BEA-FG1/4
BEAVER,BEA-FG1157
BEAVER,BEA-FG1157(10)
BEAVER,BEA-FG1157(10)hb
BEAVER,BEA-FG1157HB
BEAVER,BEA-FG1557
BEAVER,BEA-FG1557HB
BEAVER,BEA-FG169
BEAVER,BEA-FG169(10)
BEAVER,BEA-FG169HB
BEAVER,BEA-FG170
BEAVER,BEA-FG2
BEAVER,BEA-FG2(10)
BEAVER,BEA-FG245
BEAVER,BEA-FG245HB
BEAVER,BEA-FG257
BEAVER,BEA-FG2HB
BEAVER,BEA-FG3
BEAVER,BEA-FG330
BEAVER,BEA-FG330HB
BEAVER,BEA-FG331
BEAVER,BEA-FG331HB
BEAVER,BEA-FG332
BEAVER,BEA-FG332HB
BEAVER,BEA-FG34
BEAVER,BEA-FG3HB
BEAVER,BEA-FG4
BEAVER,BEA-FG556
BEAVER,BEA-FG556(10)
BEAVER,BEA-FG557
BEAVER,BEA-FG557L
BEAVER,BEA-FG558
BEAVER,BEA-FG6
BEAVER,BEA-FG700
BEAVER,BEA-FG701
BEAVER,BEA-FG702
BEAVER,BEA-FGOS557
BEAVER,BEA-FGOS701
BEAVER,BEA-FGOS701(10)
BEAVER,BEA-FGOS702
BEAVER,BEA-FGOS702 (10)
BEAVER,BEA-FGOS8
BEAVER,BEA-FGSS2
BEAVER,BEA-FGSS330
BEAVER,BEA-FGSS330 (10)
BEAVER,BEA-FGSS331
BEAVER,BEA-FGSS35
BEAVER,BEA-FGSS4
BEAVER,BEA-FGSS557
BEAVER,BEA-RA1/2
BEAVER,BEA-RA2
BEAVER,BEA-RA2(10)
BEAVER,BEA-RA3
BEAVER,BEA-RA4
BEAVER,BEA-RA4(10)
BEAVER,BEA-RA5
BEAVER,BEA-RA6
BEAVER,BEA-RA6(10)
BEAVER,BEA-RA8
BEAVER,BEA-RA8(10)
BEAVER,BEA-RAOS2
BEAVER,BEA-RAOS4
BEAVER,BEA-RAOS6
BEAVER,BEA-RAOS8
BEAVER,BEA-TF7004
BEAVER,BEA-TF7006
BEAVER,BEA-TF7006(10)
BEAVER,BEA-TF7008
BEAVER,BEA-TF7214
BEAVER,BEA-TF7404
BEAVER,BEA-TF7406
BEAVER,BEA-TF7408
BEAVER,BEA-TF7901
BEAVER,BEA-TF7901(10)
BEAVER,BEA-TF7902
COVIDIEN,COV-8881400058
COVIDIEN,COV-8881400066
COVIDIEN,COV-8881400074
COVIDIEN,COV-8881401056
COVIDIEN,COV-8881401064
COVIDIEN,COV-8881401072
COVIDIEN,COV-8881401171         
COVIDIEN,COV-8881412012
COVIDIEN,COV-8881450004
COVIDIEN,COV-8881471232
COVIDIEN,COV-8881511110
COVIDIEN,COV-8881513843(E)
COVIDIEN,COV-8881513843(Eu)
COVIDIEN,COV-8881513850(E)
COVIDIEN,COV-mistake
CRANBERRY,CRA-CR3226
CRANBERRY,CRA-CR3227
CRANBERRY,CRA-CR3336
CRANBERRY,CRA-CR3446
CRANBERRY,CRA-CR7815
CRANBERRY,CRA-CR7816
CRANBERRY,CRA-CR7817
,CWH-232018AA            
,CWH-250006AA            
,CWH-250007AA            
,CWH-250052AA            
COLTENE WHALEDENT,CWH-4843(E)
COLTENE WHALEDENT,CWH-4970
,CWH-5911                
COLTENE WHALEDENT,CWH-5930
,CWH-60019803
,CWH-60019916
COLTENE WHALEDENT,CWH-6550
COLTENE WHALEDENT,CWH-6555
COLTENE WHALEDENT,CWH-DB-20SLT
COLTENE WHALEDENT,CWH-H00750
COLTENE WHALEDENT,CWH-H00805
COLTENE WHALEDENT,CWH-H00806
COLTENE WHALEDENT,CWH-H00811
COLTENE WHALEDENT,CWH-H00812
COLTENE WHALEDENT,CWH-H00815
COLTENE WHALEDENT,CWH-H00818
COLTENE WHALEDENT,CWH-H00819
COLTENE WHALEDENT,CWH-H00820
COLTENE WHALEDENT,CWH-H00822
COLTENE WHALEDENT,CWH-H00825
COLTENE WHALEDENT,CWH-H00827
COLTENE WHALEDENT,CWH-H00839
COLTENE WHALEDENT,CWH-H01223
COLTENE WHALEDENT,CWH-H01415
COLTENE WHALEDENT,CWH-H02146
COLTENE WHALEDENT,CWH-H02147
COLTENE WHALEDENT,CWH-H04642
COLTENE WHALEDENT,CWH-H05032
COLTENE WHALEDENT,CWH-H05690
COLTENE WHALEDENT,CWH-H07082
COLTENE WHALEDENT,CWH-H09105
COLTENE WHALEDENT,CWH-H09928
COLTENE WHALEDENT,CWH-H09945
COLTENE WHALEDENT,CWH-H09946
COLTENE WHALEDENT,CWH-L-721
COLTENE WHALEDENT,CWH-P-244-3
COLTENE WHALEDENT,CWH-P-244-4
COLTENE WHALEDENT,CWH-P-244-4.5
COLTENE WHALEDENT,CWH-P-244-5
COLTENE WHALEDENT,CWH-P-244-5.5
COLTENE WHALEDENT,CWH-P-284-5
COLTENE WHALEDENT,CWH-P-42-3
COLTENE WHALEDENT,CWH-P-42-4
COLTENE WHALEDENT,CWH-P-42-4.5
COLTENE WHALEDENT,CWH-P-42-5
COLTENE WHALEDENT,CWH-P-44-3
COLTENE WHALEDENT,CWH-P-44-4
COLTENE WHALEDENT,CWH-P-44-4.5
COLTENE WHALEDENT,CWH-P-44-5
COLTENE WHALEDENT,CWH-P-623-0
COLTENE WHALEDENT,CWH-P-680-T
COLTENE WHALEDENT,CWH-P-683-0
COLTENE WHALEDENT,CWH-P-684-0
COLTENE WHALEDENT,CWH-P-684-5
COLTENE WHALEDENT,CWH-P-685-0
COLTENE WHALEDENT,CWH-P-685-5
COLTENE WHALEDENT,CWH-P-88-3
COLTENE WHALEDENT,CWH-P-88-4
COLTENE WHALEDENT,CWH-P-88-5
COLTENE WHALEDENT,CWH-PF-161-3
COLTENE WHALEDENT,CWH-PF-161-4.5
COLTENE WHALEDENT,CWH-PF-161-5
COLTENE WHALEDENT,CWH-PF-161-5.5
COLTENE WHALEDENT,CWH-PF-171-3
COLTENE WHALEDENT,CWH-PF-171-4
COLTENE WHALEDENT,CWH-PF-171-4.5
COLTENE WHALEDENT,CWH-PF-171-5
COLTENE WHALEDENT,CWH-PF-171-5.5
COLTENE WHALEDENT,CWH-PF-171-6
COLTENE WHALEDENT,CWH-PF-180
COLTENE WHALEDENT,CWH-PF-181-4.5
COLTENE WHALEDENT,CWH-PF-181-5
COLTENE WHALEDENT,CWH-UC-30
COLTENE WHALEDENT,CWH-UC-31
COLTENE WHALEDENT,CWH-UC-32
COLTENE WHALEDENT,CWH-UC-38
DANVILLE,DAN-15201
DANVILLE,DAN-15301
DANVILLE,DAN-21000-03
DANVILLE,DAN-85051
DANVILLE,DAN-85052
DANVILLE,DAN-87001
DANVILLE,DAN-89432
DANVILLE,DAN-89434
DANVILLE,DAN-90157
DANVILLE,DAN-90471
DANVILLE,DAN-90814
DANVILLE,DAN-90974
DANVILLE,DAN-91024
DANVILLE,DAN-91074
DANVILLE,DAN-91139
DANVILLE,DAN-92964
DANVILLE,DAN-93323
DANVILLE,DAN-93324
DENTSPLY,DEN-122210
DENTSPLY,DEN-122215
DENTSPLY,DEN-122215-250
DENTSPLY,DEN-226180
DENTSPLY,DEN-540200
DENTSPLY,DEN-540293
DENTSPLY,DEN-540857
DENTSPLY,DEN-540858
DENTSPLY,DEN-540860
DENTSPLY,DEN-540861
DENTSPLY,DEN-540865
DENTSPLY,DEN-540927
DENTSPLY,DEN-540929
DENTSPLY,DEN-540933
DENTSPLY,DEN-540934
DENTSPLY,DEN-550294             
DENTSPLY,DEN-550773             
DENTSPLY,DEN-550774             
DENTSPLY,DEN-605602
DENTSPLY,DEN-60578320
DENTSPLY,DEN-608522
DENTSPLY,DEN-609001
DENTSPLY,DEN-610007
DENTSPLY,DEN-610103
DENTSPLY,DEN-610200
DENTSPLY,DEN-61605002
DENTSPLY,DEN-619500
,DEN-61C101P
DENTSPLY,DEN-624045X
DENTSPLY,DEN-624055X
DENTSPLY,DEN-624065X
,DEN-623401Y
,DEN-685611
,DEN-685612
DENTSPLY,DEN-626155
DENTSPLY,DEN-626210
DENTSPLY,DEN-626220
DENTSPLY,DEN-626600
DENTSPLY,DEN-630617
DENTSPLY,DEN-630618
DENTSPLY,DEN-630619
DENTSPLY,DEN-631400
DENTSPLY,DEN-634352-6
DENTSPLY,DEN-648020
DENTSPLY,DEN-648021
DENTSPLY,DEN-659010
DENTSPLY,DEN-659020
DENTSPLY,DEN-659720V
DENTSPLY,DEN-659730V
DENTSPLY,DEN-659740V
DENTSPLY,DEN-659790V
DENTSPLY,DEN-66002861
DENTSPLY,DEN-66002862
,DEN-656-2891
DENTSPLY,DEN-66002891
DENTSPLY,DEN-66002892
DENTSPLY,DEN-663001
DENTSPLY,DEN-663002
DENTSPLY,DEN-663003
DENTSPLY,DEN-663004
DENTSPLY,DEN-666210
DENTSPLY,DEN-666220
DENTSPLY,DEN-666230
DENTSPLY,DEN-666240
DENTSPLY,DEN-678768
DENTSPLY,DEN-678771
DENTSPLY,DEN-678773
DENTSPLY,DEN-678774
DENTSPLY,DEN-678775
DENTSPLY,DEN-678776
DENTSPLY,DEN-801211
DENTSPLY,DEN-801212
DENTSPLY,DEN-801222
DENTSPLY,DEN-801227
DENTSPLY,DEN-801232
DENTSPLY,DEN-801299
DENTSPLY,DEN-801306
DENTSPLY,DEN-801309
DENTSPLY,DEN-801322
DENTSPLY,DEN-80293
DENTSPLY,DEN-80392
DENTSPLY,DEN-80393
DENTSPLY,DEN-80395
DENTSPLY,DEN-80396
DENTSPLY,DEN-80397
DENTSPLY,DEN-80796
DENTSPLY,DEN-80799
DENTSPLY,DEN-XTIP50
DIADENT,DIA-202-603
DIADENT,DIA-ML150-S602
DMG AMERICA (ZENITH),DMG-110401
DMG AMERICA (ZENITH),DMG-110402
Essential Dental Systems,EDS-130-0
Essential Dental Systems,EDS-130-01
Essential Dental Systems,EDS-135-0
Essential Dental Systems,EDS-135-01
Essential Dental Systems,EDS-140-0
Essential Dental Systems,EDS-140-01
Essential Dental Systems,EDS-145-0
Essential Dental Systems,EDS-145-01
FAIRFAX ,FFX-JB
FAIRFAX ,FFX-JG
FAIRFAX ,FFX-JO
FAIRFAX ,FFX-JY
FAIRFAX ,FFX-SB
FAIRFAX ,FFX-SD
FAIRFAX ,FFX-SG
FAIRFAX ,FFX-SO
FAIRFAX ,FFX-ST
FAIRFAX ,FFX-SY
GC,GCD-000101(E)
GC,GCD-000124
GC,GCD-000136
GC,GCD-000136-B
GC,GCD-000139
GC,GCD-000140
GC,GCD-000166
GC,GCD-000212
GC,GCD-000213
GC,GCD-000218
GC,GCD-000218-2
GC,GCD-000222
GC,GCD-000239
GC,GCD-000240
GC,GCD-001418
GC,GCD-001887
,GCD-002258
GC,GCD-002258(x2)
GC,GCD-002535
GC,GCD-002536
GC,GCD-002537
GC,GCD-003135
GC,GCD-004203
GC,GCD-004204
GC,GCD-004205
GC,GCD-004714
GC,GCD-004858
GC,GCD-004903
GC,GCD-004904
GC,GCD-011942
GC,GCD-011942-2
GC,GCD-135001
GC,GCD-250010
GC,GCD-345001
GC,GCD-901007(E)
,GMX-GPFL
,GMX-GPFM
GS(MISC),GSM-442090
HU FRIEDY,HUF-EXD11/12
HU FRIEDY,HUF-EXD3CH
HU FRIEDY,HUF-EXDEN16
HU FRIEDY,HUF-IMS-1229
HU FRIEDY,HUF-MIR4/12
HU FRIEDY,HUF-P24GSP
HU FRIEDY,HUF-PCPUNC15
HU FRIEDY,HUF-PCPUNC156
HU FRIEDY,HUF-RCS25NT
HU FRIEDY,HUF-S13K/TG
HU FRIEDY,HUF-S204S
HU FRIEDY,HUF-S204S9
HU FRIEDY,HUF-S204S9E2
HU FRIEDY,HUF-S204SD
HU FRIEDY,HUF-S204SD76
HU FRIEDY,HUF-S204SD9
HU FRIEDY,HUF-S204SD9E2
HU FRIEDY,HUF-SC4R/4L9
HU FRIEDY,HUF-SG11/126
HU FRIEDY,HUF-SG11/129
HU FRIEDY,HUF-SG13/146
HU FRIEDY,HUF-SG13/14R9E2
HU FRIEDY,HUF-SH6/7
HU FRIEDY,HUF-SH6/77
HU FRIEDY,HUF-SH6/79E2
HU FRIEDY,HUF-SRP11/1293
HU FRIEDY,HUF-SRPG11/147
HU FRIEDY,HUF-SRPG13/146
HU FRIEDY,HUF-SS4
HU FRIEDY,HUF-SSO
J&J ,J&J-MS0005
J&J ,JJ-639G
J&J ,JJ-Y494G
KAVO(MISC),KAV-0.411.9680(EU)
KAVO(MISC),KAV-0.411.9680(G) 
KAVO(MISC),KAV-0.411.9911
KERR,KER-00340
,KER-00370(E)
KERR,KER-00370(EU)
KERR,KER-01081
KERR,KER-01081-1
KERR,KER-06003
KERR,KER-06004
KERR,KER-06005
KERR,KER-06014
KERR,KER-06015
KERR,KER-06016
KERR,KER-06019
KERR,KER-06062
KERR,KER-06063
KERR,KER-06064
KERR,KER-06065
KERR,KER-06066
KERR,KER-06067
KERR,KER-06069
KERR,KER-06075
KERR,KER-06151
KERR,KER-06152
KERR,KER-06153
KERR,KER-06155
KERR,KER-06156
KERR,KER-06157
KERR,KER-14127
KERR,KER-14128
KERR,KER-14129
KERR,KER-15122
KERR,KER-15126
KERR,KER-15130
KERR,KER-15134
KERR,KER-15138
KERR,KER-15142
KERR,KER-15146
,KER-15150
KERR,KER-15154
KERR,KER-15158
KERR,KER-15162
KERR,KER-15166
KERR,KER-15170
KERR,KER-15206
KERR,KER-15210
KERR,KER-15214
KERR,KER-15218
KERR,KER-15222
KERR,KER-15226
KERR,KER-15230
KERR,KER-15234
KERR,KER-15238
KERR,KER-15242
KERR,KER-15250
KERR,KER-15290
KERR,KER-15294
KERR,KER-15298
KERR,KER-15302
KERR,KER-15306
KERR,KER-15310
KERR,KER-15314
KERR,KER-15318
KERR,KER-15322
KERR,KER-15330
KERR,KER-15334
,KER-15728
,KER-16410
KERR,KER-16411
KERR,KER-18432
KERR,KER-18598
KERR,KER-21370(E)
,KER-21370(EU)
KERR,KER-24746
KERR,KER-24875(EU)
KERR,KER-25881
KERR,KER-25882
KERR,KER-25903
KERR,KER-25945
KERR,KER-27877
KERR,KER-28415
KERR,KER-28417
KERR,KER-28419
KERR,KER-29493(E)
KERR,KER-29493(EU)
KERR,KER-29494(E)
KERR,KER-29494(EU)
KERR,KER-29495(E)
KERR,KER-29495(EU)
KERR,KER-29496
KERR,KER-29496(E)
KERR,KER-29669(EU)
KERR,KER-29797
,KER-29797(EU)
KERR,KER-29798
,KER-29798(EU)
KERR,KER-29799
,KER-29799(EU)
KERR,KER-29800
,KER-29800(EU)
KERR,KER-29835
KERR,KER-29835(C)
,KER-29835(EU)
KERR,KER-29836
KERR,KER-29836(C)
KERR,KER-29836(EU)
KERR,KER-29837
KERR,KER-29837(C)
KERR,KER-29837(EU)
KERR,KER-29838
KERR,KER-29838(C)
KERR,KER-29838(EU)
KERR,KER-29839(EU)
KERR,KER-29840(C)
KERR,KER-29840(EU)
KERR,KER-29841(EU)
KERR,KER-29845(C)
,KER-29898
KERR,KER-29898(E)
,KER-29899
KERR,KER-29899(E)
,KER-29900
KERR,KER-29900(E)
,KER-29901
KERR,KER-29901(E)
KERR,KER-29946
,KER-29948
KERR,KER-29949
KERR,KER-29949(E)
,KER-29951
KERR,KER-29952
KERR,KER-29952(E)
KERR,KER-29967
KERR,KER-29973
KERR,KER-29973-1
KERR,KER-29976
KERR,KER-29979
KERR,KER-29985
KERR,KER-29991
KERR,KER-29994
KERR,KER-29997
KERR,KER-31377
KERR,KER-31513(E)
KERR,KER-31513(E)A
KERR,KER-31513(EU)
KERR,KER-31513HB(E)
KERR,KER-31973
KERR,KER-32862
KERR,KER-33035
KERR,KER-33215
KERR,KER-33215(EU)
KERR,KER-33217
KERR,KER-33217(EU)
KERR,KER-33351
KERR,KER-33643
KERR,KER-33817
KERR,KER-33872
KERR,KER-33873
KERR,KER-33953
KERR,KER-33953(EU)
KERR,KER-33963
KERR,KER-33964
KERR,KER-33965
KERR,KER-33965(EU)
KERR,KER-33967
KERR,KER-33967
KERR,KER-33968
KERR,KER-34070
KERR,KER-34241(E)
KERR,KER-34242(E)
KERR,KER-35107(E)
KERR,KER-35108(E)
KERR,KER-35129
KERR,KER-36051(EU)
KERR,KER-36052(EU)
KERR,KER-36053(EU)
KERR,KER-36054(EU)
KERR,KER-60120
KERR,KER-60144
KERR,KER-60193
KERR,KER-62249
KERR,KER-62250
KERR,KER-821-4021
KERR,KER-821-4025
KERR,KER-821-4125
KERR,KER-822-0257
KERR,KER-822-2253
KERR,KER-822-4253
KERR,KER-822-4403
KERR,KER-822-4407
KERR,KER-822-4683
KERR,KER-822-6253
KERR,KER-822-6303
KERR,KER-822-6307
KERR,KER-822-6803
KERR,KER-822-8257
KERR,KER-823-0257
KERR,KER-823-4205
KERR,KER-823-4255
KERR,KER-823-4305
KERR,KER-823-4355
KERR,KER-823-4405
KERR,KER-823-4455
KERR,KER-823-6355
KERR,KER-825-0400
KERR,KER-825-4155
KERR,KER-825-4205
KERR,KER-825-4255
KERR,KER-825-6025
KERR,KER-830-8257
KERR,KER-952-0004
KERR,KER-952-0005
KERR,KER-972-1002
KERR,KER-972-1003
KERR,KER-973-0067
KERR,KERR-31513
KIMBERLY-CLARK(MISC),KIM-48247
KODAK,KOD-1163401(E)
KODAK,KOD-1228840
KODAK,KOD-1273747
KODAK,KOD-1296771
KODAK,KOD-1658194(E)
KODAK,KOD-1666163
KODAK,KOD-1753664(E)
KODAK,KOD-1798628
KODAK,KOD-1869080
KODAK,KOD-1987627
KODAK,KOD-8675332
,KRO-KRM302
,KRO-MSG500P
,KRO-MSG500W
KULZER,KUL-50037101
KULZER,KUL-65414615
KULZER,KUL-65872354
KULZER,KUL-65872354(x3)
KULZER,KUL-65872354(E)
KULZER,KUL-66000085(E)
KULZER,KUL-66000086(E)
KULZER,KUL-66000087(E)
KULZER,KUL-66002103(E)
KULZER,KUL-66002103E(x4)
KULZER,KUL-66002186(E)
KULZER,KUL-66002186E(x6)
KULZER,KUL-66002193
KULZER,KUL-66002193(x6)
KULZER,KUL-66002200
KULZER,KUL-66035991
KULZER,KUL-66035991 BULK
KULZER,KUL-66035992
KULZER,KUL-66035992 BULK
KULZER,KUL-66039008
KULZER,KUL-66039009
KULZER,KUL-66039011
KULZER,KUL-66040094
KULZER,KUL-66040094-3
KULZER,KUL-66040354
KULZER,KUL-66040355
KULZER,KUL-66041061
KULZER,KUL-66041061 bulk
KULZER,KUL-66046243
KULZER,KUL-66046244
KULZER,KUL-66046244(x2)
KULZER,KUL-66048090
KULZER,KUL-66048141
KULZER,KUL-66048142
KULZER,KUL-66048175
KULZER,KUL-66048176
KURARAY,KUR-070-KA
KURARAY,KUR-1970-KA(E)
KURARAY,KUR-1972-KA
KURARAY,KUR-1981-KA
KURARAY,KUR-220-KA
KURARAY,KUR-2610-KA(E)
KURARAY,KUR-2611-KA(E)
KURARAY,KUR-2612-KA(E)
KURARAY,KUR-2692-KA
KURARAY,KUR-2890-KA
KURARAY,KUR-3110-KA(E)
KURARAY,KUR-3111-KA(E)
KURARAY,KUR-3112-KA(E)
KURARAY,KUR-3116-KA
KURARAY,KUR-3302-KA(E)
KURARAY,KUR-3303-KA(E)
KURARAY,KUR-3382-KA
KURARAY,KUR-3384-KA
KURARAY,KUR-3385-KA(E)
KURARAY,KUR-3387-KA(E)
LOOK,LOK-1018B
LOOK,LOK-1282B
LOOK,LOK-1284B
LOOK,LOK-1285B
LOOK,LOK-1290B
LOOK,LOK-1291B
LOOK,LOK-497B
LOOK,LOK-525B
LOOK,LOK-551B
LOOK,LOK-553B
LOOK,LOK-554B
LOOK,LOK-555B
LOOK,LOK-557B
LOOK,LOK-558B
LOOK,LOK-559B
LOOK,LOK-560B
LOOK,LOK-563B
LOOK,LOK-591B
LOOK,LOK-592B
LOOK,LOK-594B
LOOK,LOK-774B
LOOK,LOK-781B
LOOK,LOK-784B
LOOK,LOK-785B
LOOK,LOK-786B
LOOK,LOK-787B
LOOK,LOK-918B
LOOK,LOK-921B
LOOK,LOK-922B
LOOK,LOK-925B
LOOK,LOK-927B
LOOK,LOK-928B
LOOK,LOK-944B
LOOK,LOK-945B
MANI PASTE,MAN-GATES32#1
MANI PASTE,MAN-GATES32#2
MANI PASTE,MAN-GATES32#3
MANI PASTE,MAN-GATES32#4
MANI PASTE,MAN-GATES32#5
MANI PASTE,MAN-GATES32#6
MANI PASTE,MAN-GATES32ASS
MANI PASTE,MAN-PASTE21#25
MANI PASTE,MAN-PASTE21#30
MANI PASTE,MAN-PASTE21#40
MANI PASTE,MAN-PASTE21ASS
MANI PASTE,MAN-PASTE25#30
MANI PASTE,MAN-PASTE25#40
MANI PASTE,MAN-PASTE25ASS
MANI PASTE,MAN-PEESO32#1
MANI PASTE,MAN-PEESO32#2
MANI PASTE,MAN-PEESO32#3
MANI PASTE,MAN-PEESO32#4
MANI PASTE,MAN-PEESO32#6
MANI PASTE,MAN-PEESO32ASS
MEDLINE EMESIS(MISC),MDL-NON80328
,MIL-71-8
HOUSE BRAND CROWNS,MLD-MPC10
HOUSE BRAND CROWNS,MLD-MPC10 NRG
HOUSE BRAND CROWNS,MLD-MPC100
HOUSE BRAND CROWNS,MLD-MPC101
HOUSE BRAND CROWNS,MLD-MPC102
HOUSE BRAND CROWNS,MLD-MPC11
HOUSE BRAND CROWNS,MLD-MPC11 NRG
HOUSE BRAND CROWNS,MLD-MPC12
HOUSE BRAND CROWNS,MLD-MPC12 NRG
HOUSE BRAND CROWNS,MLD-MPC13 NRG
HOUSE BRAND CROWNS,MLD-MPC14 NRG
HOUSE BRAND CROWNS,MLD-MPC15
HOUSE BRAND CROWNS,MLD-MPC17 NRG
HOUSE BRAND CROWNS,MLD-MPC18
HOUSE BRAND CROWNS,MLD-MPC19 NRG
HOUSE BRAND CROWNS,MLD-MPC2
HOUSE BRAND CROWNS,MLD-MPC2 NRG
HOUSE BRAND CROWNS,MLD-MPC20
HOUSE BRAND CROWNS,MLD-MPC200
HOUSE BRAND CROWNS,MLD-MPC200 NRG
HOUSE BRAND CROWNS,MLD-MPC21
HOUSE BRAND CROWNS,MLD-MPC21 NRG
HOUSE BRAND CROWNS,MLD-MPC22
HOUSE BRAND CROWNS,MLD-MPC23
HOUSE BRAND CROWNS,MLD-MPC24
HOUSE BRAND CROWNS,MLD-MPC25
HOUSE BRAND CROWNS,MLD-MPC26
HOUSE BRAND CROWNS,MLD-MPC27
HOUSE BRAND CROWNS,MLD-MPC28
HOUSE BRAND CROWNS,MLD-MPC29 NRG
HOUSE BRAND CROWNS,MLD-MPC30
HOUSE BRAND CROWNS,MLD-MPC300
HOUSE BRAND CROWNS,MLD-MPC300 NRG
HOUSE BRAND CROWNS,MLD-MPC301
HOUSE BRAND CROWNS,MLD-MPC301 NRG
HOUSE BRAND CROWNS,MLD-MPC302
HOUSE BRAND CROWNS,MLD-MPC302 NRG
HOUSE BRAND CROWNS,MLD-MPC303 NRG
HOUSE BRAND CROWNS,MLD-MPC31
HOUSE BRAND CROWNS,MLD-MPC31 NRG
HOUSE BRAND CROWNS,MLD-MPC32 NRG
HOUSE BRAND CROWNS,MLD-MPC33
HOUSE BRAND CROWNS,MLD-MPC33 NRG
HOUSE BRAND CROWNS,MLD-MPC35
HOUSE BRAND CROWNS,MLD-MPC36
HOUSE BRAND CROWNS,MLD-MPC37
HOUSE BRAND CROWNS,MLD-MPC37 NRG
HOUSE BRAND CROWNS,MLD-MPC38
HOUSE BRAND CROWNS,MLD-MPC39
HOUSE BRAND CROWNS,MLD-MPC39 NRG
HOUSE BRAND CROWNS,MLD-MPC40 
HOUSE BRAND CROWNS,MLD-MPC41 
HOUSE BRAND CROWNS,MLD-MPC42
HOUSE BRAND CROWNS,MLD-MPC43
HOUSE BRAND CROWNS,MLD-MPC43 NRG
HOUSE BRAND CROWNS,MLD-MPC44
HOUSE BRAND CROWNS,MLD-MPC44 NRG
HOUSE BRAND CROWNS,MLD-MPC50 NRG
HOUSE BRAND CROWNS,MLD-MPC51 NRG
HOUSE BRAND CROWNS,MLD-MPC52
HOUSE BRAND CROWNS,MLD-MPC53
HOUSE BRAND CROWNS,MLD-MPC54
HOUSE BRAND CROWNS,MLD-MPC54 NRG
HOUSE BRAND CROWNS,MLD-MPC60
HOUSE BRAND CROWNS,MLD-MPC60 NRG
HOUSE BRAND CROWNS,MLD-MPC61
HOUSE BRAND CROWNS,MLD-MPC62
HOUSE BRAND CROWNS,MLD-MPC62 NRG
HOUSE BRAND CROWNS,MLD-MPC66
HOUSE BRAND CROWNS,MLD-MPC67
HOUSE BRAND CROWNS,MLD-MPC68
HOUSE BRAND CROWNS,MLD-MPC68 NRG
HOUSE BRAND CROWNS,MLD-MPC69
MXT(MISC),MXT-MXT#IOY
MXT(MISC),MXT-MXT#P
KEYSTONE/BOSWORTH,NKY-1050075
KEYSTONE/BOSWORTH,NKY-1271160
KEYSTONE/BOSWORTH,NKY-1271190
KEYSTONE/BOSWORTH,NKY-1271200
KEYSTONE/BOSWORTH,NKY-1271210
KEYSTONE/BOSWORTH,NKY-1662213
KEYSTONE/BOSWORTH,NKY-1662214
KEYSTONE/BOSWORTH,NKY-1662215
KEYSTONE/BOSWORTH,NKY-1662216
KEYSTONE/BOSWORTH,NKY-1662217
KEYSTONE/BOSWORTH,NKY-1662218
KEYSTONE/BOSWORTH,NKY-1662219
KEYSTONE/BOSWORTH,NKY-1670016
KEYSTONE/BOSWORTH,NKY-1680050
KEYSTONE/BOSWORTH,NKY-6050100
KEYSTONE/BOSWORTH,NKY-6050200
KEYSTONE/BOSWORTH,NKY-6050400
KEYSTONE/BOSWORTH,NKY-6051400
KEYSTONE/BOSWORTH,NKY-6051700
KEYSTONE/BOSWORTH,NKY-6120200
KEYSTONE/BOSWORTH,NKY-6120300
KEYSTONE/BOSWORTH,NKY-6120400
KEYSTONE/BOSWORTH,NKY-6120600
KEYSTONE/BOSWORTH,NKY-6121000
KEYSTONE/BOSWORTH,NKY-6140100
KEYSTONE/BOSWORTH,NKY-7000313
KEYSTONE/BOSWORTH,NKY-7000313-1
KEYSTONE/BOSWORTH,NKY-921007
KEYSTONE/BOSWORTH,NKY-921009
KEYSTONE/BOSWORTH,NKY-921010
KEYSTONE/BOSWORTH,NKY-921094
KEYSTONE/BOSWORTH,NKY-921095
KEYSTONE/BOSWORTH,NKY-921096
KEYSTONE/BOSWORTH,NKY-921251
KEYSTONE/BOSWORTH,NKY-921255
KEYSTONE/BOSWORTH,NKY-921422
KEYSTONE/BOSWORTH,NKY-921426
KEYSTONE/BOSWORTH,NKY-921489
KEYSTONE/BOSWORTH,NKY-921526
KEYSTONE/BOSWORTH,NKY-921701
KEYSTONE/BOSWORTH,NKY-921702
KEYSTONE/BOSWORTH,NKY-921775
KEYSTONE/BOSWORTH,NKY-921880
KEYSTONE/BOSWORTH,NKY-921881
KEYSTONE/BOSWORTH,NKY-921884
KEYSTONE/BOSWORTH,NKY-921885
KEYSTONE/BOSWORTH,NKY-921886
KEYSTONE/BOSWORTH,NKY-921887
KEYSTONE/BOSWORTH,NKY-921888
KEYSTONE/BOSWORTH,NKY-921889
KEYSTONE/BOSWORTH,NKY-921894
KEYSTONE/BOSWORTH,NKY-921895
KEYSTONE/BOSWORTH,NKY-921896
KEYSTONE/BOSWORTH,NKY-921897
KEYSTONE/BOSWORTH,NKY-921900
KEYSTONE/BOSWORTH,NKY-921901
KEYSTONE/BOSWORTH,NKY-921902
KEYSTONE/BOSWORTH,NKY-921903
KEYSTONE/BOSWORTH,NKY-921907
KEYSTONE/BOSWORTH,NKY-921908
KEYSTONE/BOSWORTH,NKY-921909
KEYSTONE/BOSWORTH,NKY-921914
KEYSTONE/BOSWORTH,NKY-9570905
NRG,NRG-GLNTM
NSK(MISC),NSK-E16R
NSK(MISC),NSK-E64R
NSK(MISC),NSK-EX-5
NSK(MISC),NSK-EX-6
NSK(MISC),NSK-HP4PB
NSK(MISC),NSK-NBBW-Y
PARKELL ,PAR-S017
PARKELL ,PAR-S018
PARKELL ,PAR-S021
PARKELL ,PAR-S180
PARKELL ,PAR-S284
PARKELL ,PAR-S285
PARKELL ,PAR-S300
PARKELL ,PAR-S303
PARKELL ,PAR-S307
PARKELL ,PAR-S337
PARKELL ,PAR-S340
PARKELL ,PAR-S343
PARKELL ,PAR-S370
PARKELL ,PAR-S371
PARKELL ,PAR-S380
PARKELL ,PAR-S427
PARKELL ,PAR-S438S
PARKELL ,PAR-S448S
PARKELL ,PAR-S452
PARKELL ,PAR-S457S
PDI(MISC),PDI-D19831
PULPDENT,PLP-EMS
PULPDENT,PLP-ET-24
PULPDENT,PLP-ET-50
PULPDENT,PLP-ET-50R
PULPDENT,PLP-ETCH
PULPDENT,PLP-ET-TWIN
PULPDENT,PLP-MULTI
PULPDENT,PLP-PEG
PULPDENT,PLP-PSY
PULPDENT,PLP-SEAL
PREMIER(MISC),PRE-1006203
PREMIER(MISC),PRE-1006213
PREMIER(MISC),PRE-1006223
PREMIER(MISC),PRE-3001450
PREMIER(MISC),PRE-9007071
PREMIER(MISC),PRE-9007072
PREMIER(MISC),PRE-9007073
PREMIER(MISC),PRE-9007091
PREMIER(MISC),PRE-9007092
PREMIER(MISC),PRE-9007093
PREMIER(MISC),PRE-9007131
PREMIER(MISC),PRE-9007133
PREMIER(MISC),PRE-9007135
PREMIER(MISC),PRE-9007402
PREMIER(MISC),PRE-9011103
PREMIER(MISC),PRE-9061070
PREMIER(MISC),PRE-9061100
PREMIER(MISC),PRE-9061101
PREMIER(MISC),PRE-9061106
PREMIER(MISC),PRE-9061109
PREMIER(MISC),PRE-9061400
PREMIER(MISC),PRE-9061401
#REF!,PRH 30-00122
SCICAN(MISC),SCI-OPT33W12
SDI,SDI-4001202            
SDI,SDI-4002202
SDI,SDI-4002303
SDI,SDI-4002404            
SDI,SDI-4003202
SDI,SDI-4011222
SDI,SDI-4011323
SDI,SDI-4012323
SDI,SDI-4013303
SDI,SDI-4022202
SDI,SDI-4023202
SDI,SDI-4402202
SDI,SDI-4402303
SDI,SDI-4403202
SDI,SDI-4403303
SDI,SDI-4411222
SDI,SDI-4411323
SDI,SDI-4412323
SDI,SDI-4412323-2
SDI,SDI-4413323
SDI,SDI-4422202
SDI,SDI-4422303
SDI,SDI-4423202
SDI,SDI-4423303
SDI,SDI-7450001
SDI,SDI-7500001
SDI,SDI-7510102
SDI,SDI-7510203
SDI,SDI-7510304
SDI,SDI-7520003
SDI,SDI-7700218
SDI,SDI-7700256
SDI,SDI-7700357
SDI,SDI-7700359
SDI,SDI-7700361
SDI,SDI-7700377
SDI,SDI-8100045
SAFE-DENT(MISC),SFD-A9019W
SHOFU,SHO-0042
SHOFU,SHO-0046
SHOFU,SHO-0060
SHOFU,SHO-0104
SHOFU,SHO-0108
SHOFU,SHO-0180
SHOFU,SHO-0182
SHOFU,SHO-0186
SHOFU,SHO-0191
SHOFU,SHO-0211
SHOFU,SHO-0240
SHOFU,SHO-0241
SHOFU,SHO-0244
SHOFU,SHO-0247
SHOFU,SHO-0248
SHOFU,SHO-0271
SHOFU,SHO-0291
SHOFU,SHO-0403
SHOFU,SHO-0413
SHOFU,SHO-0414
SHOFU,SHO-0500
SHOFU,SHO-0816-1
SHOFU,SHO-0816-1-1
SHOFU,SHO-0850-1
SHOFU,SHO-0860-1
SHOFU,SHO-1110
SHOFU,SHO-1484
SHOFU,SHO-1752
SHOFU,SHO-1753
SHOFU,SHO-1754
SHOFU,SHO-1755
SHOFU,SHO-H413
SHOFU,SHO-HG22
SHOFU,SHO-HG29
SHOFU,SHO-HG42
SHOFU,SHO-L501
SHOFU,SHO-L502
SHOFU,SHO-L506
SHOFU,SHO-L507
SHOFU,SHO-L508
SHOFU,SHO-L509
SHOFU,SHO-L519
SHOFU,SHO-L521
SHOFU,SHO-L522
SHOFU,SHO-L523
SHOFU,SHO-L524
SHOFU,SHO-L525
SHOFU,SHO-L526
SHOFU,SHO-L528
SHOFU,SHO-Y2285
SIRONA ,SIR-6176510
SIRONA ,SIR-6176528
SIRONA ,SIR-6176536
SIRONA ,SIR-6176544
SS WHITE,SSW-13004
SS WHITE,SSW-13088
SS WHITE,SSW-13091
SS WHITE,SSW-13095
SS WHITE,SSW-13245
SS WHITE,SSW-13290
SS WHITE,SSW-13330
SS WHITE,SSW-13557
SS WHITE,SSW-13804
SS WHITE,SSW-13806
SS WHITE,SSW-14001-5
SS WHITE,SSW-14002-5
SS WHITE,SSW-14006-5
SS WHITE,SSW-14008-5
SS WHITE,SSW-14057-5
SS WHITE,SSW-14058-5
SS WHITE,SSW-14060-5
SS WHITE,SSW-14074-5
SS WHITE,SSW-14112-5
SS WHITE,SSW-14116-5
SS WHITE,SSW-14727
SS WHITE,SSW-14733
SS WHITE,SSW-14820
SS WHITE,SSW-14821
SS WHITE,SSW-14841
SS WHITE,SSW-14871
SS WHITE,SSW-14874
SS WHITE,SSW-14883
SS WHITE,SSW-14886
SS WHITE,SSW-14893
SS WHITE,SSW-14898
SS WHITE,SSW-14914
SS WHITE,SSW-15001
SS WHITE,SSW-15006
SS WHITE,SSW-15024
SS WHITE,SSW-15052
SS WHITE,SSW-15062
SS WHITE,SSW-15088-5
SS WHITE,SSW-15092-5
SS WHITE,SSW-15093-5
SS WHITE,SSW-15095-5
SS WHITE,SSW-15106-5
SS WHITE,SSW-15121-5
SS WHITE,SSW-15304-5
SS WHITE,SSW-15370-5
SS WHITE,SSW-15379-5
SS WHITE,SSW-15380-5
SS WHITE,SSW-15408-5
SS WHITE,SSW-15409-5
SS WHITE,SSW-15801-5
SS WHITE,SSW-15903-5
SS WHITE,SSW-16001-5
SS WHITE,SSW-16002-5
SS WHITE,SSW-16003-5
SULTAN,SUL-21115
SULTAN,SUL-30000
SULTAN,SUL-30001
SULTAN,SUL-30012
SULTAN,SUL-30015
SULTAN,SUL-31001
SULTAN,SUL-31002
SULTAN,SUL-31004
SULTAN,SUL-31005
SULTAN,SUL-31006
SULTAN,SUL-31007
SULTAN,SUL-77610
SULTAN,SUL-77615
SULTAN,SUL-77620
SULTAN,SUL-77630
SULTAN,SUL-77635
SULTAN,SUL-77640
SULTAN,SUL-77645
SULTAN,SUL-77650
SULTAN,SUL-77655
SULTAN,SUL-83000
TOKUYMA,TOK-13110
TOKUYMA,TOK-13111
TOKUYMA,TOK-13112
TOKUYMA,TOK-13310(E)
TOKUYMA,TOK-13311(E)
TOKUYMA,TOK-13312(E)
TOKUYMA,TOK-20506
ULTRADENT,ULT-111-CN
ULTRADENT,ULT-125
ULTRADENT,ULT-131(E)
ULTRADENT,ULT-0
ULTRADENT,ULT-132(E)
ULTRADENT,ULT-1
ULTRADENT,ULT-133(E)
ULTRADENT,ULT-2
ULTRADENT,ULT-134(E)
ULTRADENT,ULT-3
ULTRADENT,ULT-136(E)
ULTRADENT,ULT-00
ULTRADENT,ULT-137(E)
ULTRADENT,ULT-000
ULTRADENT,ULT-164
ULTRADENT,ULT-168
ULTRADENT,ULT-1825
ULTRADENT,ULT-241
ULTRADENT,ULT-2560
ULTRADENT,ULT-326
ULTRADENT,ULT-4638
ULTRADENT,ULT-4750
ULTRADENT,ULT-4751
ULTRADENT,ULT-5348
ULTRADENT,ULT-5379
ULTRADENT,ULT-5381
ULTRADENT,ULT-6408
ULTRADENT,ULT-645-CN
ULTRADENT,ULT-685
VIVADENT,VIV-532687
VIVADENT,VIV-532907
VIVADENT,VIV-533585
VIVADENT,VIV-533602
VIVADENT,VIV-533603
VIVADENT,VIV-533604
VIVADENT,VIV-533648
VIVADENT,VIV-541501
VIVADENT,VIV-541502
VIVADENT,VIV-541503
VIVADENT,VIV-557030
VIVADENT,VIV-557031
VIVADENT,VIV-590313
VIVADENT,VIV-590314
VIVADENT,VIV-590331
VIVADENT,VIV-590332
VIVADENT,VIV-590333
VIVADENT,VIV-590334
VIVADENT,VIV-595953
VIVADENT,VIV-595954
VIVADENT,VIV-595955
VIVADENT,VIV-595956
VIVADENT,VIV-615216
VIVADENT,VIV-626221
VIVADENT,VIV-627911
VIVADENT,VIV-628246
VIVADENT,VIV-637568
VIVADENT,VIV-638227
VIVADENT,VIV-638228
VIVADENT,VIV-665156
VOCO,VOC-1479
VOCO,VOC-1480
VOCO,VOC-1482
VOCO,VOC-1840
VOCO,VOC-1841
VOCO,VOC-1842
VOCO,VOC-1863
VOCO,VOC-1864
VOCO,VOC-2650
VOCO,VOC-2651
VOCO,VOC-2652
VOCO,VOC-2685
