SKU,Description
3MD-10771(e) 2,3M ESPEIMPRINT 4 LIGHT BODY REFILL CARTRIDGES 4-50ML 
3MD-10771J,3M ESPE IMPRINT 3 HEAVY BODY CARTRIDGE JUMBO PACK 50ML 30/PK
3MD-12627(E),3M ESPE CLINPRO SEALANT SYRINGE REFILL 1 X1.2ML
3MD-1942FB,3M ESPE MASKS FLUID RESIST (50/BX)                          
3MD-1942FR,3M Espe Masks Fluid Resist- ROSE (50/Bx)     
3MD-1954,3M ESPE SOF-LEX FINISHING STRIPS COARSE/MEDIUM              
3MD-1954N,3M ESPE SOF-LEX FINISHING STRIPS COARSE/MED.NARROW          
3MD-1956,3M ESPE SOF-LEX FINISHING AND POLISHING STRIPS              
3MD-1981C,"3M ESPE SOF-LEX POP-ON POLISHING DISCS 3/8"" COARSE          "
3MD-1981F,"3M ESPE SOF-LEX POP-ON POLISHING DISCS 3/8"" FINE            "
3MD-1981M,"3M ESPE SOF-LEX POP-ON POLISHING DISCS 3/8"" MEDIUM          "
3MD-1981SF,"3M ESPE SOF-LEX POP-ON POLISHING DISCS 3/8"" SUPERFINE       "
3MD-1982C,"3M ESPE SOF-LEX POP-ON POLISHING DISCS 1/2"" COARSE          "
3MD-1982F,"3M ESPE SOF-LEX POP-ON POLISHING DISCS 1/2"" FINE            "
3MD-1982M,"3M ESPE SOF-LEX POP-ON POLISHING DISCS 1/2"" MEDIUM          "
3MD-1982SF,"3M ESPE SOF-LEX POP-ON POLISHING DISCS 1/2"" SUPERFINE       "
3MD-1983RA,3M ESPE SOF-LEX POP-ON MANDRELS 1983
3MD-2000F,3M ESPE MASKS EARLOOP (50/BOX)                              
3MD-2380,3M ESPE SOF-LEX POP-ON POLISHING DISCS KIT                  
3MD-2381C,"3M ESPE SOF-LEX POP-ON POLISHING DISCS 3/8"" COARSE          "
3MD-2381F,"3M ESPE SOF-LEX POP-ON POLISHING DISCS 3/8"" FINE            "
3MD-2381M,"3M ESPE SOF-LEX POP-ON POLISHING DISCS 3/8"" MEDIUM          "
3MD-2381SF,"3M ESPE SOF-LEX POP-ON POLISHING DISCS 3/8"" SUPERFINE       "
3MD-2382C,"3M ESPE SOF-LEX POP-ON POLISHING DISCS 1/2"" COARSE          "
3MD-2382F,"3M ESPE SOF-LEX POP-ON POLISHING DISCS 1/2"" FINE            "
3MD-2382M,"3M ESPE SOF-LEX POP-ON POLISHING DISCS 1/2"" MEDIUM          "
3MD-2382SF,"3M ESPE SOF-LEX POP-ON POLISHING DISCS 1/2"" SUPERFINE       "
3MD-30103(E),3M Espe Permadyne Penta H                                   
3MD-30413(E),3M ESPE PERMADYNE GARANT 2:1 LIGHT BODY
3MD-30600,3M ESPE IMPREGUM POLYETHER ADHESIVE                         
3MD-31642(E),3M ESPE IMPREGUM PENTA STANDARD DOUBLE PACK                 
3MD-31712(E),3M ESPE IMPREGUM F DOUBLE PACK                              
3MD-31731(E),3M ESPE IMPREGUM PENTA SOFT DOUBLE PACK                     
3MD-31731-B,3M ESPE IMPREGUM PENTA SOFT DOUBLE PACK                     
3MD-31752(E),3M ESPE IMPREGUM SOFT LIGHT BODY REFILL 4 X 50ML
3MD-31765(E),3M ESPE IMPREGUM PENTA SOFT QUICK STEP MEDIUM
3MD-3505(E),3M ESPE RELY X LUTING CEMENT PACKAGE                        
3MD-3505 ,3M ESPE RELY X LUTING CEMENT PACKAGE                        
3MD-3505ex,3M ESPE RELY X LUTING CEMENT PACKAGE                        
3MD-3505L,3M ESPE RELY X LUTING LIQUID                                
3MD-3505P,3M ESPE RELY X LUTING LIQUID                                
3MD-3525,3M ESPE RELY X LUTING PLUS CEMENT    AMERICAN           
3MD-3525(E),3M ESPE RELY X LUTING PLUS CEMENT                           
3MD-3525(TK),3M ESPE RELY X LUTING PLUS CEMENT TK
3MD-3535(E),3M ESPE RELY X LUTING PLUS CEMENT VALUE PACK 3 - 8.5GM
3MD-3525(TE),3M ESPE RELY X LUTING PLUS CEMENT   
3MD-37010,3M ESPE KETAC-SILVER APLICAP STANDARD PACK (50/PK)          
3MD-37231(E),3M ESPE KETAC CEMENT TRIPLE PACK                            
3MD-38216,3M ESPE DURELON TRIPLE LIQUID 40ML                          
3MD-38236,3M ESPE DURELON TRIPLE SIZE POWDER (3X20gm)                 
3MD-38265,3M ESPE DURELON CD TRIPLE LIQUID 12 SYRINGES 40ML           
3MD-41258,3M Espe Scotchbond Universal Adhesive                       
3MD-41258(E),3M ESPE SCOTCHBOND UNIVERSAL ADHESIVE
3MD-41263,3M ESPE SCOTCHBOND UNIVERSAL ETCHANT ETCHING GEL           
3MD-41926,3M ESPE ADPER PROMPT L-POP SELF ETCH ADHESIVE GIANT PACK (10
3MD-41926(X2),3M ESPE ADPER PROMPT L-POP SELF ETCH ADHESIVE GIANT PACK (10
3MD-44130,3M ESPE CAVIT W MEDIUM SET JAR 28gr                         
3MD-44313,3M ESPE CAVIT G                                             
3MD-46954,3M ESPE PROTEMP 4 A1                                        
3MD-46956,3M ESPE PROTEMP 4 A2                                        
3MD-46957,3M ESPE PROTEMP 4 A3                                        
3MD-4720A3(E),3M ESPE FILTEK P60 SYRINGE A3                               
3MD-4720B2(E),3M ESPE FILTEK P60 SYRINGE B2                               
3MD-4720C2(E),3M ESPE FILTEK P60 SYRINGE C2                               
3MD-4862A2(E),3M ESPE FILTEK BULK FILL SYRINGE A2 2G
3MD-4864A2,3M ESPE FILTEK BULK FILL CAPSULES A2 20/PK
3MD-51102(E),3M ESPE ADPER SINGLEBOND 2 6ml.                             
3MD-56061(E),3M Espe Ketac-Cem Cement Aplicap Refill 50/Bx               
3MD-56660,3M ESPE RELY X TEMP NE                                     
3MD-56816,3M ESPE RELY X UNICEM APLICAP REFILL TRANSLUCENT (50/BX)    
3MD-56818,3M ESPE RELY X UNICEM APLICAP REFILL A2 UNIVERSAL (50/BX)   
3MD-56819,3M ESPE RELY X UNICEM APLICAP REFILL A1 UNIVERSAL (50/BX)
3MD-56846,3M ESPE RELY X UNICEM 2 AUTOMIX  REFILL UNIVERSAL A2 8.5G
3MD-56848,3M ESPE RELY X UNICEM 2 AUTOMIX  REFILL TRANSLUCENT 8.5G
3MD-56849,3M ESPE RELY X UNICEM 2 AUTOMIX VALUE PACK UNIVERSAL A2 8.5G
3MD-56861,3M ESPE RELY X FIBER POST REFILL SIZE 1
3MD-56872,3M ESPE RELY X FIBER POST REFILL SIZE 0
3MD-56877,3M ESPE RELY X U200 TRANSLUCENT CLICKER                     
3MD-56878,3M ESPE RELY X U200 A2 UNIVERSAL CLICKER
3MD-56890,3M ESPE RELY X ULTIMATE ADHESIVE CEMENT TRANSLUCENT 8.5 G
3MD-56941(E),3M ESPE RETRACTION CAPSULE REFILL 25/PK
3MD-5904A1(E),3M ESPE Z100 SYRINGE A1                                     
3MD-5904A2(E),3M ESPE Z100 SYRINGE A2                                     
3MD-5904A3(E),3M ESPE Z100 SYRINGE A3                                     
3MD-5904A3.5(E),3M ESPE Z100 SYRINGE A3.5                                   
3MD-5904B2(E),3M ESPE Z100 SYRINGE B2                                     
3MD-5904UD(E),3M Espe Z100 Syringe UD                                     
3MD-5905A1,3M ESPE Z100 RESTORATIVE CAPSULE A1                         
3MD-5905A2,3M ESPE Z100 RESTORATIVE CAPSULE A2                         
3MD-5905A3,3M ESPE Z100 RESTORATIVE CAPSULE A3                         
3MD-5905A3.5,3M ESPE Z100 RESTORATIVE CAPSULE A3.5                       
3MD-5905B2,3M ESPE Z100 RESTORATIVE CAPSULE B2 (9/BX)                  
3MD-5905B3,3M ESPE Z100 RESTORATIVE CAPSULE B3 (9/BX)                  
3MD-5907P,3M Espe Z100 Capsule Pedo
3MD-6020A1,3M ESPE FILTEK Z250 SYRINGE REFILL A1
3MD-6020A1(E),3M ESPE FILTEK Z250 SYRINGE A1                              
3MD-6020A2,3M Espe Filtek Z250 Syringe A2                              
3MD-6020A2(E),3M ESPE FILTEK Z250 SYRINGE A2                              
3MD-6020A3,3M Espe Filtek Z250 Syringe A3                              
3MD-6020A3(E),3M Espe Filtek Z250 Syringe A3                              
3MD-6020A3.5,3M Espe Filtek Z250 Syringe A3.5                              
3MD-6020A3.5(E),3M ESPE FILTEK Z250 SYRINGE A3.5                            
3MD-6020A4,3M Espe Filtek Z250 Syringe A4                              
3MD-6020A4(E),3M ESPE FILTEK Z250 SYRINGE A4                              
3MD-6020B1,3M Espe Filtek Z250 Syringe B1                              
3MD-6020B1(E),3M ESPE FILTEK Z250 SYRINGE B1                              
3MD-6020B2,3M ESPE FILTEK Z250 SYRINGE REFILL B2                       
3MD-6020B2(E),3M ESPE FILTEK Z250 SYRINGE B2                              
3MD-6020C2,3M ESPE FILTEK Z250 SYRINGE REFILL C2                       
3MD-6020UD,3M ESPE FILTEK Z250 SYRINGE UD                              
3MD-6020UD(E),3M ESPE FILTEK Z250 SYRINGE UD                              
3MD-6021A1,3M ESPE FILTEK Z250 CAPSULE REFILL A1 (20/BX)
3MD-6021A2,3M ESPE FILTEK Z250 CAPSULE REFILL A2 (20/BX)               
3MD-6021A3,3M ESPE FILTEK Z250 CAPSULE REFILL A3 (20/BX)               
3MD-6021A3.5,3M ESPE FILTEK Z250 CAPSULE REFILL A3.5 (20/BX)             
3MD-6021A4,3M ESPE FILTEK Z250 CAPSULE REFILL A4 (20/BX)               
3MD-6021B1,3M ESPE FILTEK Z250 CAPSULE REFILL B1 (20/BX)               
3MD-6021B2,3M ESPE FILTEK Z250 CAPSULE REFILL B2 (20/BX)               
3MD-6021C2,3M ESPE FILTEK Z250 CAPSULE C2 
3MD-6021D3,3M ESPE FILTEK Z250 CAPSULE D3
3MD-6028A1B(E),3M ESPE FILTEK SUPREME SYRINGE A1 BODY                      
3MD-6028A2B(E),3M ESPE FILTEK SUPREME SYRINGE A2 BODY                      
3MD-6028A3B(E),3M ESPE FILTEK SUPREME SYRINGE A3 BODY                      
3MD-6029A1B(E),3M ESPE FILTEK SUPREME CAPSULE A1 BODY (20X.20GM)           
3MD-6029A1B(EU),3M ESPE FILTEK SUPREME CAPSULE A1 BODY (20X.20GM)           
3MD-6029A1B-US,3M ESPE FILTEK SUPREME CAPSULE A1 BODY (20X.20GM)           
3MD-6029A2B(E),3M ESPE FILTEK SUPREME CAPSULE A2 BODY (20X.20GM)           
3MD-6029A2B(EU),3M ESPE FILTEK SUPREME CAPSULE A2 BODY (20X.20GM)           
3MD-6029A3.5B(E),3M ESPE FILTEK SUPREME CAPSULE A3.5 BODY (20X.20GM)         
3MD-6029A3.5B(EU),3M ESPE FILTEK SUPREME CAPSULE A3.5 BODY (20X.20GM)         
3MD-6029A3B(E),3M ESPE FILTEK SUPREME CAPSULE A3 BODY (20X.20GM)           
3MD-6029A3B(EU),3M ESPE FILTEK SUPREME CAPSULE A3 BODY (20X.20GM)           
3MD-6029A3B-US ,3M ESPE FILTEK SUPREME CAPSULE A3 BODY (20X.20GM)           
3MD-6029A4B(E),3M ESPE FILTEK SUPREME CAPSULE A4 BODY (20X.20GM)           
3MD-6029B1B(E),3M ESPE FILTEK SUPREME CAPSULE B1 BODY (20X.20GM)           
3MD-6032A1(EU),3M ESPE FILTEK SUPREME ULTRA FLOW SYRINGE A1 2/BX
3MD-6032A2(EU),3M ESPE FILTEK SUPREME ULTRA FLOW SYRINGE A2 2/BX
3MD-6LL4,3M ESPE TEMP CROWN FORMS NI-CHRO (5/BX)                     
3MD-6LL5,3M ESPE TEMP CROWN FORMS NI-CHRO (5/BX)                     
3MD-6LR5,3M ESPE TEMP CROWN FORMS NI-CHRO (5/BX)                     
3MD-6UL2,3M ESPE TEMP CROWN FORMS NI-CHRO (5/BX)                     
3MD-6UL3,3M Espe Ni-Chro Crown Forms (5/Bx)
3MD-6UL4,3M ESPE TEMP CROWN FORMS NI-CHRO (5/BX)                     
3MD-6UR2,3M ESPE TEMP CROWN FORMS NI-CHRO (5/BX)                     
3MD-6UR4,3M ESPE TEMP CROWN FORMS NI-CHRO (5/BX)                     
3MD-6UR5,3M ESPE TEMP CROWN FORMS NI-CHRO (5/BX)                     
3MD-6UR7,3M Espe Ni-Chro Crown Forms (5/Bx)
3MD-712-034,"Transbond XT Adhesive Primer, 6 ml Bottle."
3MD-712-035,3M ESPE TRANSBOND XT SYRINGE  KIT                           
3MD-712-036,3M Espe Transbond XT Adhesive Syringe 4/Pk
3MD-71210,3M ESPE IMPREGUM PENTA ELASTOMER SYRINGE                   
3MD-71225,3M ESPE IMPREGUM SYRINGE TIPS INTRAORAL(12/PK)
3MD-71521,3M ESPE IMPRINT 4 PRELIMINARY PENTA 360ML 2/PK
3MD-71522,3M ESPE IMPRINT 4 PRELIMINARY PENTA SUPER QUICK 2/PK
3MD-7301,3M ESPE EXPRESS LIGHT-BODY FAST SET(REFILL 2-PACK)          
3MD-7301(X2),3M ESPE EXPRESS LIGHT-BODY FAST SET(REFILL 2-PACK)          
3MD-7302,3M ESPE EXPRESS LIGHT-BODY REGULAR SET (REFILL 2-PACK)      
3MD-7302(x2),3M ESPE EXPRESS LIGHT-BODY REGULAR SET (REFILL 2-PACK)      
3MD-7307,3M ESPE EXPRESS TRAY ADHESIVE                               
3MD-7312,3M ESPE EXPRESS PUTTY                                       
3MD-7322,3M ESPE EXPRESS REGULAR-BODY(REFILL 2-PACK)                 
3MD-7510,3M ESPE VITREBOND INTRODUCTORY KIT                          
3MD-7512L,3M ESPE VITREBOND LIQUID                                    
3MD-7542,3M ESPE ADPER SCOTCHBOND MULTI PURPOSE PRIMER
3MD-7542(E),3M ESPE ADPER SCOTCHBOND MULTI PURPOSE PRIMER (E)           
3MD-7543,3M ESPE ADPER SCOTCHBOND MULTI PURPOSE ADHESIVE (E)         
3MD-7572,3M ESPE VITREBOND PLUS DOUBLE PACK                          
3MD-77949,3M Espe Penta Mixing Tips Refill 50/Pk                      
3MD-77949-2,3M Espe Penta Mixing Tips Refill 50/Pk  old style          
3MD-907001,3M ESPE UNITEK SS CROWN FORM UL1 CENTRAL (5/BX)
3MD-907005,3M ESPE UNITEK SS CROWN FORM UL5 CENTRAL (5/BX)
3MD-907006,3M ESPE UNITEK SS CROWN FORM UL6 CENTRAL (5/BX)
3MD-907011,3M ESPE UNITEK SS CROWN FORM UR1 CENTRAL (5/BX)
3MD-907012,3M ESPE UNITEK SS CROWN FORM UR2 CENTRAL (5/BX)
3MD-907014,3M ESPE UNITEK SS CROWN FORM UR4 CENTRAL (5/BX)
3MD-907015,3M ESPE UNITEK SS CROWN FORM UR5 CENTRAL (5/BX)
3MD-907016,3M ESPE UNITEK SS CROWN FORM UR6 CENTRAL (5/BX)
3MD-907021,3M ESPE UNITEK SS CROWN FORM UL1 LATERAL (5/BX)       
3MD-907022,3M ESPE UNITEK SS CROWN FORM UL2 LATERAL (5/BX)
3MD-907023,3M ESPE UNITEK SS CROWN FORM UL3 LATERAL (5/BX)
3MD-907024,3M ESPE UNITEK SS CROWN FORM UL4 LATERAL (5/BX)             
3MD-907025,3M ESPE UNITEK SS CROWN FORM UL5 LATERAL (5/BX)
3MD-907031,3M ESPE UNITEK SS CROWN FORM UR1 LATERAL (5/BX)
3MD-907032,3M ESPE UNITEK SS CROWN FORM UR2 LATERAL (5/BX)
3MD-907033,3M ESPE UNITEK SS CROWN FORM UR3 LATERAL (5/BX)
3MD-907036,3M ESPE UNITEK SS CROWN FORM UR6 LATERAL (5/BX)
3MD-907041,3M ESPE UNITEK SS CROWN FORM U1 CUSPID (5/BX)   
3MD-907042,3M ESPE UNITEK SS CROWN FORM U2 CUSPID (5/BX) 
3MD-907043,3M ESPE UNITEK SS CROWN FORM U3 CUSPID (5/BX)  
3MD-907044,3M ESPE UNITEK SS CROWN FORM U4 CUSPID (5/BX)
3MD-907045,3M ESPE UNITEK SS CROWN FORM U5 CUSPID (5/BX)
3MD-907046,3M ESPE UNITEK SS CROWN FORM U6 CUSPID (5/BX)
3MD-907051,3M ESPE UNITEK SS CROWN LOWER CUSPID SIZE 1 (5/BX)
3MD-907054,3M ESPE UNITEK SS CROWN FORM L4 CUSPID (5/BX)
3MD-907056,3M ESPE UNITEK SS CROWN LOWER CUSPID SIZE 6 (5/BX)
3MD-C-180,3M ESPE TEMP CROWN FORMS POLYCARBONATE KIT (180/BX)         
3MD-DLL2,3M ESPE TEMP CROWN FORMS NI-CHRO (5/BX)                     
3MD-DLL3,3M ESPE TEMP CROWN FORMS NI-CHRO (5/BX)                     
3MD-DLL4,3M ESPE TEMP CROWN FORMS NI-CHRO (5/BX)                     
3MD-DLL5,3M ESPE TEMP CROWN FORMS NI-CHRO (5/BX)                     
3MD-DLL6,3M ESPE TEMP CROWN FORMS NI-CHRO (5/BX)                     
3MD-DLL7,3M ESPE TEMP CROWN FORMS NI-CHRO (5/BX)                     
3MD-DLR2,3M ESPE TEMP CROWN FORMS NI-CHRO (5/BX)                     
3MD-DLR3,3M ESPE TEMP CROWN FORMS NI-CHRO (5/BX)                     
3MD-DLR4,3M ESPE TEMP CROWN FORMS NI-CHRO (5/BX)                     
3MD-DLR5,3M ESPE TEMP CROWN FORMS NI-CHRO (5/BX)                     
3MD-DLR6,3M ESPE TEMP CROWN FORMS NI-CHRO (5/BX)                     
3MD-DLR7,3M ESPE TEMP CROWN FORMS NI-CHRO (5/BX)                     
3MD-DUL2,3M ESPE TEMP CROWN FORMS NI-CHRO (5/BX)                     
3MD-DUL3,3M ESPE TEMP CROWN FORMS NI-CHRO (5/BX)                     
3MD-DUL4,3M ESPE TEMP CROWN FORMS NI-CHRO (5/BX)                     
3MD-DUL5,3M ESPE TEMP CROWN FORMS NI-CHRO (5/BX)                     
3MD-DUL6,3M ESPE TEMP CROWN FORMS NI-CHRO (5/BX)                     
3MD-DUL7,3M ESPE TEMP CROWN FORMS NI-CHRO (5/BX)                     
3MD-DUR2,3M ESPE TEMP CROWN FORMS NI-CHRO (5/BX)                     
3MD-DUR3,3M ESPE TEMP CROWN FORMS NI-CHRO (5/BX)                     
3MD-DUR4,3M ESPE TEMP CROWN FORMS NI-CHRO (5/BX)                     
3MD-DUR5,3M ESPE TEMP CROWN FORMS NI-CHRO (5/BX)                     
3MD-DUR6,3M ESPE TEMP CROWN FORMS NI-CHRO (5/BX)                     
3MD-ELL2,3M ESPE TEMP CROWN FORMS NI-CHRO (5/BX)                     
3MD-ELL3,3M ESPE TEMP CROWN FORMS NI-CHRO (5/BX)                     
3MD-ELL4,3M ESPE TEMP CROWN FORMS NI-CHRO (5/BX)                     
3MD-ELL5,3M ESPE TEMP CROWN FORMS NI-CHRO (5/BX)                     
3MD-ELL6,3M ESPE TEMP CROWN FORMS NI-CHRO (5/BX)                     
3MD-ELL7,3M ESPE TEMP CROWN FORMS NI-CHRO (5/BX)                     
3MD-ELR2,3M ESPE TEMP CROWN FORMS NI-CHRO (5/BX)                     
3MD-ELR3,3M ESPE TEMP CROWN FORMS NI-CHRO (5/BX)                     
3MD-ELR4,3M ESPE TEMP CROWN FORMS NI-CHRO (5/BX)                     
3MD-ELR5,3M ESPE TEMP CROWN FORMS NI-CHRO (5/BX)                     
3MD-ELR6,3M ESPE TEMP CROWN FORMS NI-CHRO (5/BX)                     
3MD-ELR7,3M ESPE TEMP CROWN FORMS NI-CHRO (5/BX)                     
3MD-EUL2,3M ESPE TEMP CROWN FORMS NI-CHRO (5/BX)                     
3MD-EUL3,3M ESPE TEMP CROWN FORMS NI-CHRO (5/BX)                     
3MD-EUL4,3M ESPE TEMP CROWN FORMS NI-CHRO (5/BX)                     
3MD-EUL5,3M ESPE TEMP CROWN FORMS NI-CHRO (5/BX)                     
3MD-EUL6,3M ESPE TEMP CROWN FORMS NI-CHRO (5/BX)                     
3MD-EUR2,3M ESPE TEMP CROWN FORMS NI-CHRO (5/BX)                     
3MD-EUR3,3M ESPE TEMP CROWN FORMS NI-CHRO (5/BX)                     
3MD-EUR4,3M ESPE TEMP CROWN FORMS NI-CHRO (5/BX)                     
3MD-EUR5,3M ESPE TEMP CROWN FORMS NI-CHRO (5/BX)                     
3MD-EUR6,3M ESPE TEMP CROWN FORMS NI-CHRO (5/BX)                     
3MD-EUR7,3M ESPE TEMP CROWN FORMS NI-CHRO (5/BX)                     
3MD-L61,3M ESPE TEMP CROWN FORMS ISO (5/BX)                         
3MD-L62,3M ESPE TEMP CROWN FORMS ISO (5/BX)                         
3MD-L65,3M ESPE TEMP CROWN FORMS ISO (5/BX)                         
3MD-L72,3M ESPE TEMP CROWN FORMS ISO (5/BX)                         
3MD-L73,3M ESPE TEMP CROWN FORMS ISO (5/BX)                         
3MD-L75,3M ESPE TEMP CROWN FORMS ISO (5/BX)                         
3MD-ND96,3M ESPE TEMP CROWN FORMS NI-CHRO KIT (96/BX)                
3MD-P10,3M ESPE TEMP CROWN FORMS POLYCARBONATE (5/BX)               
3MD-P100,3M ESPE TEMP CROWN FORMS POLYCARBONATE (5/BX)               
3MD-P101,3M ESPE TEMP CROWN FORMS POLYCARBONATE (5/BX)               
3MD-P102,3M ESPE TEMP CROWN FORMS POLYCARBONATE (5/BX)               
3MD-P11,3M ESPE TEMP CROWN FORMS POLYCARBONATE (5/BX)               
3MD-P19,3M ESPE TEMP CROWN FORMS POLYCARBONATE (5/BX)               
3MD-P2,3M ESPE TEMP CROWN FORMS POLYCARBONATE (5/BX)               
3MD-P20,3M ESPE TEMP CROWN FORMS POLYCARBONATE (5/BX)               
3MD-P200,3M ESPE TEMP CROWN FORMS POLYCARBONATE (5/BX)               
3MD-P22,3M ESPE TEMP CROWN FORMS POLYCARBONATE (5/BX)               
3MD-P30,3M ESPE TEMP CROWN FORMS POLYCARBONATE (5/BX)               
3MD-P31,3M ESPE TEMP CROWN FORMS POLYCARBONATE (5/BX)               
3MD-P40,3M ESPE TEMP CROWN FORMS POLYCARBONATE (5/BX)               
3MD-P41,3M ESPE TEMP CROWN FORMS POLYCARBONATE (5/BX)               
3MD-P42,3M ESPE TEMP CROWN FORMS POLYCARBONATE (5/BX)               
3MD-P43,3M ESPE TEMP CROWN FORMS POLYCARBONATE (5/BX)               
3MD-P44,3M ESPE TEMP CROWN FORMS POLYCARBONATE (5/BX)               
3MD-P50,3M ESPE TEMP CROWN FORMS POLYCARBONATE (5/BX)               
3MD-P51,3M ESPE TEMP CROWN FORMS POLYCARBONATE (5/BX)               
3MD-P52,3M ESPE TEMP CROWN FORMS POLYCARBONATE (5/BX)               
3MD-P53,3M ESPE TEMP CROWN FORMS POLYCARBONATE (5/BX)               
3MD-P60,3M ESPE TEMP CROWN FORMS POLYCARBONATE (5/BX)               
3MD-PO96,3M ESPE TEMP CROWN FORMS NI-CHRO KIT (96/BX)                
3MD-U43,3M ESPE TEMP CROWN FORMS ISO (5/BX)                         
3MD-U53,3M ESPE TEMP CROWN FORMS ISO (5/BX)                         
3MD-U65,3M ESPE TEMP CROWN FORMS ISO (5/BX)                         
3MD-U67,3M ESPE TEMP CROWN FORMS ISO (5/BX)                         
3MM-R1547,3M MEDICAL STERI STRIP 1/2X4 50/BOX                         
ACT-261001,"EXPASYL STRAWBERRY, 20 CAPSULES REFILL"
ACT-261005,"EXPASYL APPLICATOR TIPS, PACKAGE OF 100 TIPS. STRAIGHT"
ACT-261030,ACTEON EXPASYL CAPSULE STANDARD 20/PK
ACT-F00245,ACTEON SATELEC INSERT NO. 1S 1/PK                           
ACT-F00246,ACTEON SATELEC INSERT NO. 1 1/PK                            
ACT-F00247,ACTEON SATELEC INSERT NO. 2 1/PK
ACT-F00253,ACTEON SATELEC INSERT NO. 10P ZEG 1/PK
ACT-F00254,ACTEON SATELEC INSERT SUBGINGIVAL NO. 10Z 1/PK              
ACT-F00369,ACTEON SATELEC INSERT UNIVERSAL NO. H3 1/PK                 
ATI-AP02/30B,ATI Absorbent Points CC Bulk .02 Taper Size 30 200/Bx
ATI-AP02/35B,ATI Absorbent Points CC Bulk .02 Taper Size 35 200/Bx
ATI-AP02/45B,ATI Absorbent Points CC Bulk .02 Taper Size 45 200/Bx           
ATI-GG3/28,ATI Gates Glidden Drills Size 3 28mm Short 6/Pk
AUR-99827,AURELIA GLOVES INDULGENCE LP LATEX MEDIUM 100/BX 
BEA-FG1/2,BEAVER BURS FG1/2 100/PK                                    
BEA-FG1/4,BEAVER BURS FG1/4 100/PK                                    
BEA-FG1157,BEAVER BURS FG1157 100/PK
BEA-FG1157(10),BEAVER BURS FG1157 10/PK
BEA-FG1157(10)hb,BEAVER BURS FG1157 10/PK
BEA-FG1157HB,BEAVER BURS FG1157 100/PK
BEA-FG1557,BEAVER BURS FG1557 100/PK
BEA-FG1557HB,BEAVER BURS FG1557 100/PK
BEA-FG169,BEAVER BURS FG169 100/PK                                    
BEA-FG169(10),BEAVER BURS FG169 10/PK                                    
BEA-FG169HB,BEAVER BURS FG169 100/PK                                    
BEA-FG170,BEAVER BURS FG170                                           
BEA-FG2,BEAVER BURS FG2 100/PK                                      
BEA-FG2(10),BEAVER BURS FG2 10/PK                                      
BEA-FG245,BEAVER BURS FG245 100/PK                                    
BEA-FG245HB,BEAVER BURS FG245 100/PK                                    
BEA-FG257,BEAVER BURS FG257 100/PK
BEA-FG2HB,BEAVER BURS FG2 100/PK                                      
BEA-FG3,Beaver Burs FG3 100/Pk                                      
BEA-FG330,BEAVER BURS FG330 100/PK                                    
BEA-FG330HB,BEAVER BURS FG330 100/PK                                    
BEA-FG331,BEAVER BURS FG331 100/PK                                    
BEA-FG331HB,BEAVER BURS FG331 100/PK                                    
BEA-FG332,Beaver Burs FG332 100/Pk                                      
BEA-FG332HB,Beaver Burs FG332 100/Pk                                      
BEA-FG34,BEAVER BURS FG34 100/PK                                     
BEA-FG3HB,Beaver Burs FG3 100/Pk                                      
BEA-FG4,BEAVER BURS FG4 100/PK                                      
BEA-FG556,BEAVER BURS FG556 100/PK                                    
BEA-FG556(10),BEAVER BURS FG556 10/PK                                    
BEA-FG557,BEAVER BURS FG557 100/PK                                    
BEA-FG557L,BEAVER BURS FG557L 100/PK                                   
BEA-FG558,BEAVER BURS FG558 100/PK                                    
BEA-FG6,BEAVER BURS FG6 100/PK                                      
BEA-FG700,BEAVER BURS FG700 100/PK                                    
BEA-FG701,BEAVER BURS FG701 100/PK                                    
BEA-FG702,BEAVER BURS FG702 100/PK                                    
BEA-FGOS557,BEAVER BURS FGOS557 100/PK                                  
BEA-FGOS701,BEAVER BURS FGOS701 100/PK                                  
BEA-FGOS701(10),BEAVER BURS FGOS701 10/PK                                  
BEA-FGOS702,Beaver Burs Surgical FGOS702 100/Pk                                  
BEA-FGOS702 (10),Beaver Burs Surgical FGOS702 10/Pk                                  
BEA-FGOS8,Beaver Burs Surgical FGOS8 100/Pk
BEA-FGSS2,BEAVER BURS FGSS2 100/PK
BEA-FGSS330,BEAVER BURS FGSS330 100/PK                                  
BEA-FGSS330 (10),BEAVER BURS FGSS330 10/PK                                  
BEA-FGSS331,Beaver Burs FGSS331 100/Pk                                 
BEA-FGSS35,BEAVER BURS FGSS35 100/PK
BEA-FGSS4,BEAVER BURS FGSS4 100/PK
BEA-FGSS557,BEAVER BURS FGSS557 100/PK                                  
BEA-RA1/2,Beaver Burs RA1/2 100/Pk                                     
BEA-RA2,BEAVER BURS RA2 100/PK                                      
BEA-RA2(10),BEAVER BURS RA2 10/PK                                      
BEA-RA3,BEAVER BURS RA3 100/PK                                      
BEA-RA4,BEAVER BURS RA4 100/PK                                      
BEA-RA4(10),BEAVER BURS RA4 100/PK                                      
BEA-RA5,BEAVER BURS RA5 100/PK                                      
BEA-RA6,BEAVER BURS RA6 100/PK                                      
BEA-RA6(10),BEAVER BURS RA6 100/PK                                      
BEA-RA8,BEAVER BURS RA8 100/PK                                      
BEA-RA8(10),BEAVER BURS RA8 10/PK                                      
BEA-RAOS2,BEAVER BURS RAOS2 100/PK
BEA-RAOS4,BEAVER BURS RAOS4 100/PK
BEA-RAOS6,Beaver Burs Surgical RAOS6 100/Pk                                 
BEA-RAOS8,Beaver Burs Surgical RAOS8 100/Pk                                 
BEA-TF7004,Beaver Burs TF7004 100/Pk                                  
BEA-TF7006,BEAVER BURS TF7006 100/PK
BEA-TF7006(10),BEAVER BURS TF7006 10/PK
BEA-TF7008,BEAVER BURS TF7008 100/PK                                   
BEA-TF7214,BEAVER BURS TF7214 100/PK
BEA-TF7404,BEAVER BURS TF7404 100/PK                                   
BEA-TF7406,BEAVER BURS TF7406 100/PK                                   
BEA-TF7408,BEAVER BURS TF7408 100/PK                                   
BEA-TF7901,BEAVER BURS TF7901 100/PK                                   
BEA-TF7901(10),BEAVER BURS TF7901 100/PK                                   
BEA-TF7902,BEAVER BURS TF7902 100/PK                                   
COV-8881400058,COVIDIEN MONOJECT NEEDLE 27 LONG PLASTIC                    
COV-8881400066,COVIDIEN MONOJECT NEEDLE 27 SHORT PLASTIC                  
COV-8881400074,COVIDIEN MONOJECT NEEDLE 30 SHORT PLASTIC                   
COV-8881401056,COVIDIEN MONOJECT NEEDLE 27 LONG METAL                      
COV-8881401064,COVIDIEN MONOJECT NEEDLE 27 SHORT METAL                    
COV-8881401072,COVIDIEN MONOJECT NEEDLE 30 SHORT METAL                     
COV-8881401171         ,COVIDIEN MONOJECT SYRINGE 30 X-SHORT METAL                 
COV-8881412012,COVIDIEN MONOJECT SYRINGE 412 CURVED TIP DISPOSABLE 12ML    
COV-8881450004,COVIDIEN MONOJECT SALIVA EJECTOR 450 250/BX                 
COV-8881471232,COVIDIEN MONOJECT NEEDLES ENDO IRRIGATION 23 GAUGE 25 /BX 
COV-8881511110,COVIDIEN MONOJECT SYRINGE INSULINE SAFETY W NEEDLE 1ML 29G  
COV-8881513843(E),COVIDIEN MONOJECT SYRINGE ENDO IRRIGATION 23 GAUGE          
COV-8881513843(Eu),COVIDIEN MONOJECT SYRINGE ENDO IRRIGATION 23 GAUGE 
COV-8881513850(E),COVIDIEN MONOJECT SYRINGE ENDO IRRIGATION 27 GAUGE 
COV-mistake,COVIDIEN CURITY SPONGES NON WOVEN 4X4                       
CRA-CR3226,CRANBERRY GLOVES CONTOUR PLUS NITRILE PF SMALL              
CRA-CR3227,CRANBERRY GLOVES CONTOUR PLUS NITRILE PF MEDIUM             
CRA-CR3336,CRANBERRY GLOVES LUV NITRILE PF SMALL                       
CRA-CR3446,CRANBERRY GLOVES AQUA SOURCE NITRILE PF SMALL               
CRA-CR7815,CRANBERRY GLOVES SILKCARE LATEX PF EXTRA SMALL              
CRA-CR7816,CRANBERRY GLOVES SILKCARE LATEX PF  SMALL                   
CRA-CR7817,CRANBERRY GLOVES SILKCARE LATEX PF  MEDIUM                  
CWH-232018AA            ,COLTENE-WHALEDENT SWISSFLEX MANDREL 702RA                   
CWH-250006AA            ,COLTENE-WHALEDENT DIATECH INLAY & CROWN PREP KIT            
CWH-250007AA            ,COLTENE-WHALEDENT DIATECH SHAPENING & FINISHING KIT         
CWH-250052AA            ,COLTENE-WHALEDENT DIATECH DIAMOND BURS TOP 13 KIT           
CWH-4843(E),"COLTENE-WHALEDENT PRESIDEN PUTTY, SOFT REGULAR SET VINYL POLYSILOXANE"
CWH-4970,COLTENE-WHALEDENT SPEEDEX PUTTY C  SILICONE 910 ML
CWH-5911                ,COLTENE-WHALEDENT COLTOSOL F ECOPACK 38G                    
CWH-5930,COLTENE-WHALEDENT COLTOSOL F SYRINGE 5/PK                   
CWH-60019803,COLTENE-WHALEDENT DIATECH AESTHETIC DENT BUR KIT            
CWH-60019916,COLTENE-WHALEDENT SHAPEGUARD COMPOSITE POLISHING KT         
CWH-6550,COLTENE-WHALEDENT MIXING TIPS SMALL YELLOW 50ML 40/BX       
CWH-6555,COLTENE-WHALEDENT AFFINIS MIXING TIPS ORAL YELLOW 50ML100/BX
CWH-DB-20SLT,COLTENE WHALEDENT BONDENT COMPLETE KIT TITANIUM             
CWH-H00750,COLTENE-WHALEDENT DAM 6X6 NON-LATEX PURPLE 20/PK
CWH-H00805,COLTENE-WHALEDENT WAX BASEPLATE RED 1LB/BX           
CWH-H00806,COLTENE-WHALEDENT WAX BASEPLATE PINK MED SOFT #3 1LB        
CWH-H00811,COLTENE-WHALEDENT WAX BASEPLATE RED 5LB/BX                  
CWH-H00812,COLTENE-WHALEDENT WAX BASEPLATE PINK MED SOFT 3.5LB/BX      
CWH-H00815,COLTENE-WHALEDENT WAXBOXING RED REG                         
CWH-H00818,COLTENE-WHALEDENT WAX UTILITY STRIPS WHITE 80/BX            
CWH-H00819,COLTENE-WHALEDENT WAX SQUARE ROPES RED 44/BX                
CWH-H00820,COLTENE-WHALEDENT WAX SQUARE ROPES WHITE 44/BX              
CWH-H00822,COLTENE-WHALEDENT WAX BITE BLOCKS OCCLUSAL 100/BX           
CWH-H00825,COLTENE-WHALEDENT WAX BITE WAFERS LIGHT BLUE                
CWH-H00827,COLTENE-WHALEDENT WAX STICKS ORTHODONTIC TRAY               
CWH-H00839,COLTENE-WHALEDENT WAX BITE WAFERS LEMON YELLOW              
CWH-H01223,COLTENE-WHALEDENT GUTTA PERCHA POINTS MED/FINE 20VL         
CWH-H01415,"COLTENE-WHALEDENT RUBBER DAM NAPKINS FRAME SIZE 5&6""       "
CWH-H02146,COLTENE-WHALEDENT DAM 6X6 GREEN THIN RUBBER                 
CWH-H02147,COLTENE-WHALEDENT DAM 6X6 GREEN MEDIUM RUBBER               
CWH-H04642,COLTENE-WHALEDENT DAM 6X6 FIESTA MEDIUM RUBBER
CWH-H05032,COLTENE-WHALEDENT ENDO ICE SPRAY                            
CWH-H05690,COLTENE-WHALEDENT HYGENIC #14 Winged Partially Erupter or irregulary shaped molar                     
CWH-H07082,"COLTENE-WHALEDENT U-SHAPED DAM 5"""
CWH-H09105,COLTENE-WHALEDENT DAM 6X6 NON-LATEX                         
CWH-H09928,COLTENE-WHALEDENT DAM 5X5 GREEN NON-LATEX                   
CWH-H09945,COLTENE-WHALEDENT DAM 6X6 FLEXI NON-LATEX                   
CWH-H09946,COLTENE-WHALEDENT DAM 6X6 FLEXI NON-LATEX GREEN
CWH-L-721,COLTENE WHALEDENT TMS LINK PLUS SS SINGLE KIT               
CWH-P-244-3,COLTENE WHALEDENT PARAPOST PLUS SS #3 (10/PK)
CWH-P-244-4,COLTENE WHALEDENT PARAPOST PLUS SS #4 (10/PK)
CWH-P-244-4.5,Coltene Whaledent Parapost Plus SS #4.5 (10/Pk)               
CWH-P-244-5,COLTENE WHALEDENT PARAPOST PLUS SS #5 (10/PK)              
CWH-P-244-5.5,COLTENE WHALEDENT PARAPOST PLUS SS #5.5 (10/PK)             
CWH-P-284-5,COLTENE WHALEDENT PARAPOST PLUS TITANIUM #5 (12/PK)
CWH-P-42-3,COLTENE WHALEDENT PARAPOST DRILL #3 (3/PK)                  
CWH-P-42-4,COLTENE WHALEDENT PARAPOST DRILL #4 (3/PK)                  
CWH-P-42-4.5,COLTENE WHALEDENT PARAPOST DRILL #4.5 (3/PK)
CWH-P-42-5,COLTENE WHALEDENT PARAPOST DRILL #5 (3/PK)                  
CWH-P-44-3,COLTENE WHALEDENT PARAPOST SS #3 (10/PK)                    
CWH-P-44-4,COLTENE WHALEDENT PARAPOST SS #4 (10/PK)                    
CWH-P-44-4.5,COLTENE WHALEDENT PARAPOST SS #4.5 (10/PK)                  
CWH-P-44-5,COLTENE WHALEDENT PARAPOST SS #5 (10/PK)                    
CWH-P-623-0,COLTENE WHALEDENT PARAPOST XT DRILL #3 3/PK                 
CWH-P-680-T,COLTENE WHALEDENT PARAPOST XT INTRO KIT                     
CWH-P-683-0,COLTENE WHALEDENT PARAPOST XT #3 (10/PK)                    
CWH-P-684-0,COLTENE WHALEDENT PARAPOST XT #4 (10/PK)                    
CWH-P-684-5,COLTENE WHALEDENT PARAPOST XT #4.5 (10/PK)                  
CWH-P-685-0,COLTENE WHALEDENT PARAPOST XT #5 (10/PK)                    
CWH-P-685-5,COLTENE WHALEDENT PARAPOST XT #5.5 (10/PK)                  
CWH-P-88-3,COLTENE WHALEDENT PARAPOST XH TITANIUM #3 (10/PK)           
CWH-P-88-4,COLTENE WHALEDENT PARAPOST XH TITANIUM #4 (10/PK)           
CWH-P-88-5,COLTENE WHALEDENT PARAPOST XH TITANIUM #5 (10/PK)           
CWH-PF-161-3,Coltene Whaledent Parapost Fiber White #3 (5/Pk)           
CWH-PF-161-4.5,COLTENE WHALEDENT PARAPOST FIBER WHITE #4.5 (5/PK)          
CWH-PF-161-5,COLTENE WHALEDENT PARAPOST FIBER WHITE #5 (5/PK)            
CWH-PF-161-5.5,COLTENE WHALEDENT PARAPOST FIBER WHITE #5.5 (5/PK)          
CWH-PF-171-3,COLTENE WHALEDENT PARAPOST FIBER LUX WHITE #3 (5/PK)
CWH-PF-171-4,COLTENE WHALEDENT PARAPOST FIBER LUX YELLOW #4 (5/PK)       
CWH-PF-171-4.5,COLTENE WHALEDENT PARAPOST FIBER LUX BLUE #4.5 (5/PK)       
CWH-PF-171-5,COLTENE WHALEDENT PARAPOST FIBER LUX RED #5 (5/PK)          
CWH-PF-171-5.5,COLTENE WHALEDENT PARAPOST FIBER LUX PURPLE #5.5 (5/PK)
CWH-PF-171-6,COLTENE WHALEDENT PARAPOST FIBER LUX BLACK #6 (5/PK)
CWH-PF-180,COLTENE WHALEDENT PARAPOST TAPER  LUX INTRO KIT             
CWH-PF-181-4.5,COLTENE WHALEDENT PARAPOST TAPER LUX WHITE #4.5 (5/PK)      
CWH-PF-181-5,COLTENE WHALEDENT PARAPOST TAPER LUX WHITE #5 (5/PK)        
CWH-UC-30,COLTENE WHALEDENT BIOSONIC GENERAL PURPOSE CLEANER
CWH-UC-31,COLTENE WHALEDENT BIOSONIC CLEANER RUST INHIBITOR 15ML 20/BX
CWH-UC-32,COLTENE WHALEDENT BIOSONIC ENZYMATIC CLEANER                
CWH-UC-38,COLTENE WHALEDENT BIOSONIC DISINFECTANT CLEANER
DAN-15201,DANVILLE ALUMINUM OXIDE 90 MICRON BOTTLE TAN 1LB           
DAN-15301,DANVILLE ALUMINUM OXIDE 50 MICRON BOTTLE WHITE 1LB      
DAN-21000-03,DANVILLE MICROETCHER ERC MICRO SANDBLASTER W/ TIP           
DAN-85051,DANVILLE STARTFLOW SYRINGE 5 GM A1                          
DAN-85052,DANVILLE STARTFLOW SYRINGE 5 GM A2                          
DAN-87001,DANVILLE MICROPRIME B DESENSITIZER BOTTLE 10ML 
DAN-89432,ZIRC INSTI-DAM LATEX NATURAL 20/PK                          
DAN-89434,ZIRC INSTI-DAM LATEX NATURAL 20/PK                          
DAN-90157,DANVILLE TURBO TEMP 2 CROWN & BRIDGE MATERIAL 76GM A2       
DAN-90471,DANVILLE STARTFLOW SYRINGE 5 GM B1                          
DAN-90814,DANVILLE MICROPRIME G DESENSITIZING AGENT 35%               
DAN-90974,DANVILLE PRELUDE ADHESIVE 5ML BOTTLE                        
DAN-91024,DANVILLE PRELUDE SELF-ETCH REFILL 5ML                       
DAN-91074,DANVILLE ULTRA THIN FLEX MATRICES LARGE 100/PK             
DAN-91139,DANVILLE ULTRA THIN FLEX MATRICES SMALL 100/PK  
DAN-92964,DANVILLE TURBO TEMP 2 CROWN & BRIDGE MATERIAL 76GM A3       
DAN-93323,DANVILLE TURBO TEMP 3 CROWN & BRIDGE MATERIAL 76GM A1       
DAN-93324,DANVILLE TURBO TEMP 3 CROWN & BRIDGE MATERIAL 76GM A2       
DEN-122210,DENTSPLY SANI-TIP 250/BAG                                   
DEN-122215,DENTSPLY SANI-TIP BULK REFILL 1500/BX                       
DEN-122215-250,DENTSPLY SANI-TIP BULK REFILL 1500/BX                       
DEN-226180,DENTSPLY EZ-VIEW GREEN MASKED  8H 6V 4BW                    
DEN-540200,DENTSPLY SNAP A RAY FILM HOLDER 3/PK                        
DEN-540293,DENTSPLY SNAP A RAY FILM HOLDER 1/PK                        
DEN-540857,DENTSPLY XPC ANTERIOR BLUE PINS STAINLESS STEEL ARM         
DEN-540858,DENTSPLY XPC POSTERIOR YELLOW PINS STAINLESS STEEL ARM      
DEN-540860,DENTSPLY XPC POSTERIOR YELLOW AIMING RING                   
DEN-540861,DENTSPLY XPC ANTERIOR BLUE BITEBLOCKS 25/PK                 
DEN-540865,DENTSPLY XPC ANTERIOR BLUE AIMING RING                      
DEN-540927,DENTSPLY XPC BITEWING RED PINS STAINLESS STEEL ARM          
DEN-540929,DENTSPLY XPC BITEWING RED BITEBLOCKS FILM HORIZONTAL SIZE 2 
DEN-540933,DENTSPLY XPC BITEWING RED BITEBLOCK FILM HORIZONTAL SIZE 0/1
DEN-540934,DENTSPLY XPC BITEWING RED AIMING RING                       
DEN-550294             ,RINN EEZEE GRIP DIGITAL SENSOR HOLSTER
DEN-550773             ,DENTSPLY XPC ORA RING                                      
DEN-550774             ,DENTSPLY XPC ORA ARM                                       
DEN-605602,DENTSPLY JELTRATE-PLUS FAST-SET
DEN-60578320,DENTSPLY AQUASIL SOFT PUTTY REGULAR SET 2 X 450ML
DEN-608522,DENTSPLY JELTRATE FAST-SET
DEN-609001,DENTSPLY FYNAL CEMENT PACKAGE
DEN-610007,DENTSPLY IRM IVORY COMPLETE-KIT                             
DEN-610103,DENTSPLY ZOE B&T                                            
DEN-610200,DENTSPLY IRM CAPS 50/PK                                     
DEN-61605002,DENTSPLY VISCO-GEL BOTTLE STANDARD PACK
DEN-619500,DENTSPLY REGISIL 2X CARTRIDGE                               
DEN-61C101P,DENTSPLY SUREFIL SDR FLOW + COMPULA REFILL UNIVERSAL        
DEN-624045X,Dentsply Enhance Finishing Refill Discs (30/Bx)
DEN-624055X,Dentsply Enhance Finishing Refill Cups (30/Bx)
DEN-624065X,Dentsply Enhance Finishing Refill Points (30/Bx)
DEN-623401Y,
DEN-685611,DENTSPLY DYRACT FLOW A2                                     
DEN-685612,DENTSPLY DYRACT FLOW A3                                     
DEN-626155,DENTSPLY TRAY ADHESIVE                                      
DEN-626210,DENTSPLY REPROSIL CARTRIDGE REG. BODY                       
DEN-626220,DENTSPLY REPROSIL CARTRIDGE HEAVY BODY                      
DEN-626600,DENTSPLY REPROSIL CARTRIDGE LIGHT BODY                      
DEN-630617,DENTSPLY ESTHET-X HD COMPULES A1 (20/BX)                    
DEN-630618,DENTSPLY ESTHET-X HD COMPULES A2 (20/BX)                    
DEN-630619,DENTSPLY ESTHET-X HD COMPULES A3 (20/BX)                    
DEN-631400,DENTSPLY PRISMA GLOSS PASTE FINE                            
DEN-634352-6,Prime & Bond NT Light-Cure 
DEN-648020,DENTSPLY ESTHET-X FLOW SYRINGE REFILL A1 2/PK
DEN-648021,DENTSPLY ESTHET-X FLOW SYRINGE REFILL A2 2/PK
DEN-659010,DENTSPLY PALODENT MATRIX REFILL STANDARD 100/PK             
DEN-659020,DENTSPLY PALODENT MATRIX REFILL MINI 50/PK                  
DEN-659720V,DENTSPLY PALODENT V3 MATRICE REFILL 4.5MM 50/PK
DEN-659730V,DENTSPLY PALODENT V3 MATRICE REFILL 5.5MM 50/PK
DEN-659740V,DENTSPLY PALODENT V3 MATRICE REFILL 5.5MM 100/PK
DEN-659790V,DENTSPLY PALODENT V3 WEDGE REFILL MEDIUM 100/PK
DEN-66002861,DENTSPLY DISPERSALLOY 1 SPILL FAST SET                      
DEN-66002862,DENTSPLY DISPERSALLOY 2 SPILL FAST SET                      
DEN-656-2891,DENTSPLY DISPERSALLOY 1 SPILL REGULAR SET                   
DEN-66002891,DENTSPLY DISPERSALLOY 1 SPILL REGULAR SET                   
DEN-66002892,DENTSPLY DISPERSALLOY 2 SPILL REGULAR SET                   
DEN-663001,DENTSPLY AUTOMATRIX MED THIN REFILLS                        
DEN-663002,DENTSPLY AUTOMATRIX NARROW REGULAR REFILLS                  
DEN-663003,DENTSPLY AUTOMATRIX MED REG REFILLS                         
DEN-663004,DENTSPLY AUTOMATRIX WIDE REGULAR REFILLS                    
DEN-666210,DENTSPLY INTEGRITY REFILL PK A1                             
DEN-666220,DENTSPLY INTEGRITY REFILL PK A2                             
DEN-666230,DENTSPLY INTEGRITY REFILL PK A3.5                           
DEN-666240,DENTSPLY INTEGRITY REFILL PK B1                             
DEN-678768,DENTSPLY AQUASIL ULTRA REFILLS XLV REGULAR SET
DEN-678771,DENTSPLY AQUASIL ULTRA REFILLS LV REGULAR SET               
DEN-678773,DENTSPLY AQUASIL ULTRA REFILLS MONOPHASE REGULAR SET        
DEN-678774,DENTSPLY AQUASIL ULTRA REFILLS MONOPHASE FAST SET           
DEN-678775,DENTSPLY AQUASIL ULTRA REFILLS HEAVY REGULAR SET            
DEN-678776,DENTSPLY AQUASIL ULTRA REFILLS HEAVY FAST SET               
DEN-801211,DENTSPLY NUPRO PROPHY PASTE ORANGE CUPS COARSE              
DEN-801212,DENTSPLY NUPRO PROPHY PASTE MINT CUPS COARSE                
DEN-801222,DENTSPLY NUPRO PROPHY PASTE MINT CUPS MEDIUM                
DEN-801227,DENTSPLY NUPRO PROPHY PASTE GRAPE CUPS COARSE               
DEN-801232,DENTSPLY NUPRO PROPHY PASTE MINT CUPS FINE                  
DEN-801299,DENTSPLY NUPRO PROPHY PASTE MINT CUPS PLUS                  
DEN-801306,DENTSPLY NUPRO PROPHY PASTE COOKIE DOUGH CUPS COARSE        
DEN-801309,DENTSPLY NUPRO PROPHY PASTE RAZZBERRY CUPS COARSE           
DEN-801322,DENTSPLY NUPRO PROPHY PASTE CHERRYBLAST CUPS COARSE         
DEN-80293,DENTSPLY CAVITRON 25K FSI-10 INSERT               
DEN-80392,DENTSPLY CAVITRON 25K FSI SLI 10S                           
DEN-80393,DENTSPLY CAVITRON 25K FSI SLI 10L                           
DEN-80395,DENTSPLY CAVITRON 30K FSI SLI-10S                           
DEN-80396,DENTSPLY CAVITRON 30K FSI SLI-10L
DEN-80397,DENTSPLY CAVITRON 30K FSI SLI-10R
DEN-80796,DENTSPLY CAVITRON 25K FSI-1000
DEN-80799,DENTSPLY CAVITRON 30K FSI-1000                              
DEN-XTIP50,DENTSPLY XTIP 50PK REFILL                                   
DIA-202-603,DIADENT DIA PAPER POINTS FINE 200 BX                        
DIA-ML150-S602,"DIA-PRO T - F2 GUTTA PERCHA POINTS 60/BOX. HAND ROLLED, COLOR CODED. "
DMG-110401,DMG LUXATEMP AUTOMIX PLUS REFILL A1
DMG-110402,DMG LUXATEMP AUTOMIX PLUS REFILL A2
EDS-130-0,ESSENTIAL DENTAL SYSTEMS FLEXI-POST SS YELLOW #0 10/PK     
EDS-130-01,ESSENTIAL DENTAL SYSTEMS FLEXI-POST SS RED #1 10/PK        
EDS-135-0,ESSENTIAL DENTAL SYSTEMS FLEXI-POST TI YELLOW #0 10/PK     
EDS-135-01,ESSENTIAL DENTAL SYSTEMS FLEXI-POST TI RED #1 10/PK        
EDS-140-0,ESSENTIAL DENTAL SYSTEMS FLEXI-POST SS YELLOW #0 30/PK     
EDS-140-01,ESSENTIAL DENTAL SYSTEMS FLEXI-POST SS RED #1 30/PK        
EDS-145-0,ESSENTIAL DENTAL SYSTEMS FLEXI-POST TI YELLOW #0 30/PK     
EDS-145-01,ESSENTIAL DENTAL SYSTEMS FLEXI-POST TI RED #1 30/PK        
FFX-JB,FAIRFAX STABILOK ECONOMY KIT BLUE SMALL                     
FFX-JG,FAIRFAX STABILOK ECONOMY KIT GREEN MEDIUM                   
FFX-JO,FAIRFAX STABILOK ECONOMY KIT TI ORANGE MEDIUM               
FFX-JY,FAIRFAX STABILOK ECONOMY KIT TI YELLOW SMALL                
FFX-SB,FAIRFAX STABILOK STANDARD KIT  BLUE SS                      
FFX-SD,FAIRFAX STABIDENT ECONOMY KIT                               
FFX-SG,FAIRFAX STABILOK STANDARD KIT GREEN SS                      
FFX-SO,FAIRFAX STABILOK STANDARD KIT TI ORANGE MEDIUM              
FFX-ST,FAIRFAX STABIDENT STANDARD KIT                              
FFX-SY,FAIRFAX STABILOK STANDARD KIT TI YELLOW SMALL               
GCD-000101(E),GC Fuji II - 1:1 Pale Yellow #21 Powder & Liquid              
GCD-000124,GC MIRACLE MIX CAPSULES 50/PK
GCD-000136,GC FUJI I CEMENT 1:1 PACKAGE LY
GCD-000136-B,GC FUJI I CEMENT 1:1 PACKAGE LY
GCD-000139,GC FUJI II LC CAPSULES A2
GCD-000140,GC FUJI II LC CAPSULES A3
GCD-000166,GC FUJI IX GP CAPSULES A2 50/PK
GCD-000212,GC FUJI IX GP FAST CAPSULE REFILL A2 50/PK                  
GCD-000213,GC FUJI IX GP FAST CAPSULE REFILL A3 50/PK
GCD-000218,GC FUJI PLUS CEMENT 1-1 PKG W/ CONDITIONER
GCD-000218-2,GC FUJI PLUS CEMENT 1-1 PKG W/ CONDITIONER
GCD-000222,GC FUJI PLUS CAPSULES YELLOW 50/PK                          
GCD-000239,GC MIRACLE MIX COMPLETE-KIT
GCD-000240,GC FUJI I CAPSULES LIGHT YELLOW 50/PK
GCD-001418,GC FUJI PLUS CAPSULES A3 50/PK
GCD-001887,GC FUJI LINING LC PASTE REFILL PACKAGE                      
GCD-002258,GC FUJI CEM AUTOMIX REFILL PACKAGE                          
GCD-002258(x2),GC FUJI CEM AUTOMIX REFILL PACKAGE  (x2)               
GCD-002535,GC FUJI IX GP EXTRA CAPSULE REFILL A2 (50/BX)
GCD-002536,GC FUJI IX GP EXTRA CAPSULE REFILL A3 (50/BX)
GCD-002537,GC FUJI IX GP EXTRA CAPSULE REFILL A3.5 (50/BX)
GCD-003135,GC FUJI PLUS LUTING CEMENT                                  
GCD-004203,GC G ANENIAL UNIVERSAL FLOW A2 REFILL                       
GCD-004204,GC G ANENIAL UNIVERSAL FLOW A3 REFILL                       
GCD-004205,GC G ANENIAL UNIVERSAL FLOW A3.5 REFILL                     
GCD-004714,Gc Fujicem 2 Paste Pak
GCD-004858,GC G-CEM LINKACE SYRINGE TRANSLUCENT 2/PK
GCD-004903,GC FIT CHECKER ADVANCED 1:1                                 
GCD-004904,GC FIT CHECKER ADVANCED CARTRIDGE PACKAGE WHITE             
GCD-011942,GC G AENIAL BOND BOTTLE 5ML W/ 50 APPLICATORS & 20 DISHES
GCD-011942-2,GC G AENIAL BOND BOTTLE 5ML W/ 50 APPLICATORS & 20 DISHES
GCD-135001,GC COE PAK STANDARD PACKAGE                                 
GCD-250010,GC COE TRAY CLEANER 1.27LB                                  
GCD-345001,GC KOOLINER RELINE COMPLETE                                 
GCD-901007(E),GC GOLD LABEL 1 LUTING CEMENT 1-1 PKG
GMX-GPFL,GMX POWDER FREE TEXTURED LATEX EXAMINATION GLOVES LARGE (100/BX)
GMX-GPFM,GMX POWDER FREE TEXTURED LATEX EXAMINATION GLOVES MEDIUM (100/BX)
GSM-442090,"GS MEDICAL PROFESSIONAL'S CHOICE STERIL-SURE POUCH 2.75""x10"""
HUF-EXD11/12,HU FRIEDY EXPLORER DE ODU 11/12                             
HUF-EXD3CH,HU FRIEDY EXPLORER DE #3CH                                  
HUF-EXDEN16,HU FRIEDY EXPLORER DE#6 SATIN STEEL HANDLE                  
HUF-IMS-1229, HU FRIEDY ENZYMAX SPRAY GEL INSTRUMENT PRE-CLEANER 709ML
HUF-MIR4/12,HU FRIEDY FS CS MOUTH MIRROR SINGLE (12/BX)                 
HUF-P24GSP,"HU FRIEDY PEROSTEAL,SHORT #24G                              "
HUF-PCPUNC15,HU FRIEDY PROBE SE #PCPUNC CC 1-15                          
HUF-PCPUNC156,HU FRIEDY PROBE SE CC UNC 1/15 HANDLE SATIN STEEL           
HUF-RCS25NT,HU FRIEDY ENDODONTIC SPREADER NICKEL TITANIUM #25NT SE      
HUF-S13K/TG,HU FRIEDY CURETTE/CHISEL 13K/TG DE                          
HUF-S204S,HU FRIEDY SCALER SICKLE DE #204S                            
HUF-S204S9,HU FRIEDY SCALER EVEREDGE DE 204S #9 HANDLE                 
HUF-S204S9E2,HU FRIEDY SCALER EVEREDGE DE 204S #9 HANDLE                
HUF-S204SD,HU FRIEDY SCALER  RESIN RED DE                              
HUF-S204SD76,HU FRIEDY SCALER 204SD DE #7 SATIN STEEL COLOURS           
HUF-S204SD9,HU FRIEDY SCALER SICKLE #9 EVEREDGE                         
HUF-S204SD9E2,HU FRIEDY SCALER SICKLE #9 EVEREDGE                        
HUF-SC4R/4L9,HU FRIEDY CURETTE COLUMBIA  DE 4R/4L EVEREDGE#9 HANDLE      
HUF-SG11/126,HU FRIEDY CURETTE GRACEY DE 11/12  SATIN STEEL              
HUF-SG11/129,HU FRIEDY CURETTE GRACEY EVEREDGE DE 11/12 #9 HANDLE BLUE   
HUF-SG13/146,HU FRIEDY CURETTE GRACEY DE 13/14 #6 HANDLE S               
HUF-SG13/14R9E2,HU FRIEDY CURETTE GRACEY  RIGID #13/14R EVEREDGE #9 HANDLE 
HUF-SH6/7,HU FRIEDY SCALER DE H6/H7 RESIN PURPLE                      
HUF-SH6/77,HU FRIEDY SCALER DE H6/H7 #7 HANDLE                        
HUF-SH6/79E2,HU FRIEDY EVEREDGE SCALER DE H6/H7 #9 HANDLE               
HUF-SRP11/1293,"Hu Friedy 11/12 After Five Gracey, #9 HDL, Orange          "
HUF-SRPG11/147,HU FRIEDY CURETTE GRACEY AFTER FIVE DE 11/14 #7 HANDLE      
HUF-SRPG13/146,HU FRIEDY CURETTE GRACEY AFTER FIVE DE 13/14 #6 HANDLE      
HUF-SS4,HU FRIEDY STONE FLAT ARKANSAS #4                            
HUF-SSO,HU FRIEDY STONE OIL SHARPEN-EZ 1FL.OZ
J&J-MS0005,J&J ETHICON SPONGOSTAN SPONGES GELATINE 24/BX
JJ-639G,"J&J SUTURES PDS II MONO UNDYED P-3 5-0 18"" 12/BX            "
JJ-Y494G,"J&J SUTURES PDS II MONO UNDYED P-3 5-0 18"" 12/BX            "
KAV-0.411.9680(EU),KAVO SPRAY 500 ML UNIVERSAL CN                              
KAV-0.411.9680(G) ,KAVO SPRAY 500 ML UNIVERSAL CN                        
KAV-0.411.9911,KAVO SPRAY NOZZLE QUICK                                     
KER-00340,KERR SYBRON TUBLISEAL STANDARD PKG                          
KER-00370(E),KERR TEMP-BOND                                              
KER-00370(EU),KERR TEMP-BOND                                              
KER-01081,KERR SYBRON TUBLISEAL BULK 24/PK                            
KER-01081-1,Broken bulk Pack
KER-06003,KERR SYBRON K-FILES 21MM #10                                
KER-06004,KERR SYBRON K-FILES 21MM #15                                
KER-06005,KERR SYBRON K-FILES 21MM #20                                
KER-06014,KERR SYBRON K-FILES 21MM #25                                
KER-06015,KERR SYBRON K-FILES 21MM #30                                
KER-06016,KERR SYBRON K-FILES 21MM #35                                
KER-06019,KERR SYBRON K-FILES 21MM #40                                
KER-06062,KERR SYBRON K-FILES 25MM #10                                
KER-06063,KERR SYBRON K-FILES 25MM #15                                
KER-06064,KERR SYBRON K-FILES 25MM #20                                
KER-06065,KERR SYBRON K-FILES 25MM #25                                
KER-06066,KERR SYBRON K-FILES 25MM #30                                
KER-06067,KERR SYBRON K-FILES 25MM #35                                
KER-06069,KERR SYBRON K-FILES 25MM #40                                
KER-06075,KERR SYBRON K-FILES 25MM #50                                
KER-06151,KERR SYBRON K-FILES 30MM #10                                
KER-06152,KERR SYBRON K-FILES 30MM #15                                
KER-06153,KERR SYBRON K-FILES 30MM #20                                
KER-06155,KERR SYBRON K-FILES 30MM #25                                
KER-06156,KERR SYBRON K-FILES 30MM #30                                
KER-06157,KERR SYBRON K-FILES 30MM #35                                
KER-14127,KERR SYBRON K-FILES 21MM #08                                
KER-14128,KERR SYBRON K-FILES 25MM #08                                
KER-14129,KERR SYBRON K-FILES 30MM #08                                
KER-15122,KERR SYBRON K-FLEX FILES 25MM #08                           
KER-15126,KERR SYBRON K-FLEX FILES 25MM #10                           
KER-15130,KERR SYBRON K-FLEX FILES 25MM #15                           
KER-15134,KERR SYBRON K-FLEX FILES 25MM #20                           
KER-15138,KERR SYBRON K-FLEX FILES 25MM #25                           
KER-15142,KERR SYBRON K-FLEX FILES 25MM #30                           
KER-15146,KERR SYBRON K-FLEX FILES 25MM #35                           
KER-15150,KERR SYBRON K-FLEX FILES 25MM #40                           
KER-15154,KERR SYBRON K-FLEX FILES 25MM #45                           
KER-15158,KERR-SYBRON K-FLEX FILES 25MM #50 
KER-15162,KERR SYBRON K-FLEX FILES 25MM #55                           
KER-15166,KERR SYBRON K-FLEX FILES 25MM #60                           
KER-15170,KERR SYBRON K-FLEX FILES 25MM #70                           
KER-15206,KERR SYBRON K-FLEX FILES 30MM #08                           
KER-15210,KERR SYBRON K-FLEX FILES 30MM #10                           
KER-15214,KERR SYBRON K-FLEX FILES 30MM #15                           
KER-15218,KERR SYBRON K-FLEX FILES 30MM #20                           
KER-15222,KERR SYBRON K-FLEX FILES 30MM #25                           
KER-15226,KERR SYBRON K-FLEX FILES 30MM #30                           
KER-15230,KERR SYBRON K-FLEX FILES 30MM #35                           
KER-15234,KERR SYBRON K-FLEX FILES 30MM #40                           
KER-15238,KERR SYBRON K-FLEX FILES 30MM #45                           
KER-15242,KERR SYBRON K-FLEX FILES 30MM #50                           
KER-15250,KERR SYBRON K-FLEX FILES30MM #60                            
KER-15290,KERR SYBRON K-FLEX FILES 21MM #08                           
KER-15294,KERR SYBRON K-FLEX FILES 21MM #10                           
KER-15298,KERR SYBRON K-FLEX FILES 21MM #15                           
KER-15302,KERR SYBRON K-FLEX FILES 21MM #20                           
KER-15306,KERR SYBRON K-FLEX FILES 21MM #25                           
KER-15310,KERR SYBRON K-FLEX FILES 21MM #30                           
KER-15314,KERR SYBRON K-FLEX FILES 21MM #35                           
KER-15318,KERR SYBRON K-FLEX FILES 21MM #40                           
KER-15322,KERR SYBRON K-FLEX FILES 21MM #45                           
KER-15330,KERR SYBRON K-FLEX FILES 21MM #55  
KER-15334,KERR SYBRON K-FLEX FILES 21MM #60
KER-15728,KERR SYBRON FINGER SPREADERS 25MM FINE MED                 
KER-16410,KERR PERMLASTIC BULK HEAVY BODY 12 SETS                     
KER-16411,Kerr Permlastic Bulk Regular Body (12 Sets)                  
KER-18432,KERR SYBRON SEALAPEX STANDARD                               
KER-18598,KERR SYBRON SEALAPEX BULK 24/PK                             
KER-21370(E),KERR TEMP-BOND NE                                           
KER-21370(EU),KERR TEMP-BOND NE                                           
KER-24746,KERR SYBRON PULP CANAL SEALER EWT STD PACKAGE               
KER-24875(EU),KERR SYBRON PULP CANAL SEALER STD PACKAGE                   
KER-25881,KERR OPTIBOND FL PRIMER                                     
KER-25882,KERR OPTIBOND FL  ADHESIVE                                  
KER-25903,KERR SYBRON TUBLISEAL-EWT STANDARD PKG                      
KER-25945,KERR SYBRON TRIPLE FLEX 25MM  #15                           
KER-27877,KERR EXTRUDE XP PUTTY                                       
KER-28415,KERR EXTRUDE EXTRA 2-CARTRIDGE REFILL                       
KER-28417,KERR EXTRUDE MEDIUM 2-CARTRIDGE REFILL                      
KER-28419,KERR EXTRUDE WASH 2-CARTRIDGE REFILL                        
KER-29493(E),KERR REVOLUTION SYRINGE A1 (1 X 2gm)                        
KER-29493(EU),KERR REVOLUTION SYRINGE KIT A1                              
KER-29494(E),KERR REVOLUTION SYRINGE A2 (1 X2gm)                         
KER-29494(EU),KERR REVOLUTION SYRINGE KIT A2                              
KER-29495(E),KERR REVOLUTION SYRINGE A3 (1 X2gm)                         
KER-29495(EU),KERR REVOLUTION SYRINGE KIT A3                              
KER-29496,KERR REVOLUTION SYRINGE KIT A3.5                            
KER-29496(E),KERR REVOLUTION SYRINGE A3.5 (1 X2gm)                       
KER-29669(EU),KERR OPTIBOND SOLO PLUS UNIDOSE REFILL (100/PK)             
KER-29797,KERR HERCULITE XRV SYRINGE ENAMEL A1                        
KER-29797(EU),
KER-29798,KERR HERCULITE XRV SYRINGE ENAMEL A2                        
KER-29798(EU),
KER-29799,KERR HERCULITE XRV SYRINGE ENAMEL A3                        
KER-29799(EU),
KER-29800,KERR HERCULITE XRV SYRINGE ENAMEL A3.5                      
KER-29800(EU),
KER-29835,KERR HERCULITE XRV UNIDOSE ENAMEL A1 20/BX                  
KER-29835(C),Kerr Herculite Unidose A1                                  
KER-29835(EU),
KER-29836,KERR HERCULITE XRV UNIDOSE ENAMEL A2 20/BX                  
KER-29836(C),Kerr Herculite Unidose A2                 
KER-29836(EU),KERR HERCULITE XRV UNIDOSE ENAMEL A2 20/BX                  
KER-29837,KERR HERCULITE XRV UNIDOSE ENAMEL A3 20/BX                  
KER-29837(C),Kerr Herculite Unidose A3                                  
KER-29837(EU),KERR HERCULITE XRV UNIDOSE ENAMEL A3 20/BX                  
KER-29838,KERR HERCULITE XRV UNIDOSE ENAMEL A3.5 20/BX                
KER-29838(C),KERR HERCULITE UNIDOSE A3.5
KER-29838(EU),KERR HERCULITE XRV UNIDOSE ENAMEL A3.5 20/BX                
KER-29839(EU),KERR HERCULITE XRV UNIDOSE ENAMEL A4 20/BX                  
KER-29840(C),KERR HERCULITE UNIDOSE B1
KER-29840(EU),KERR HERCULITE XRV UNIDOSE ENAMEL B1 20/BX                  
KER-29841(EU),KERR HERCULITE XRV UNIDOSE ENAMEL B2 20/BX                  
KER-29845(C),KERR HERCULITE UNIDOSE C2                                   
KER-29898,KERR POINT 4 UNIDOSE A1                                     
KER-29898(E),KERR POINT 4 UNIDOSE A1                                     
KER-29899,KERR POINT 4 UNIDOSE A2                                     
KER-29899(E),KERR POINT 4 UNIDOSE A2                                     
KER-29900,KERR POINT 4 UNIDOSE A3                                     
KER-29900(E),KERR POINT 4 UNIDOSE A3                                     
KER-29901,KERR POINT 4 UNIDOSE A3.5                                   
KER-29901(E),KERR POINT 4 UNIDOSE A3.5                                   
KER-29946,KERR TYTIN SPHERICAL ALLOY CAPS 1 SPILL REG SET 500/BX      
KER-29948,KERR TYTIN SPHERICAL ALLOY CAPS 2 SPILL REG SET 50/BX       
KER-29949,KERR TYTIN SPHERICAL ALLOY CAPS 2 SPILL REG SET 500/BX      
KER-29949(E),KERR TYTIN DOUBLE SPILL REG. 500 CAPSULES 600MG
KER-29951,KERR TYTIN SPHERICAL ALLOY CAPS 3 SPILL REG SET 50/BX       
KER-29952,KERR TYTIN SPHERICAL ALLOY CAPS 3 SPILL REG SET 500/BX      
KER-29952(E),KERR TYTIN TRIPLE SPILL REG. 500 CAPSULES 800MG
KER-29967,KERR CONTOUR 2 SPILL REGULAR SET 600MG 500/JAR              
KER-29973,KERR CONTOUR 1 SPILL FAST SET 500/JAR                       
KER-29973-1,KERR CONTOUR 1 SPILL FAST SET 50/JAR
KER-29976,KERR CONTOUR 2 SPILL FAST SET 500/JAR                       
KER-29979,KERR CONTOUR 3 SPILL FAST SET 800MG 500/JAR                 
KER-29985,KERR TYTIN FC 2 SPILL REGULAR SET 500/BX                    
KER-29991,KERR TYTIN FC 1 SPILL FAST SET 500/BX                       
KER-29994,KERR TYTIN FC 2 SPILL FAST SET 500/BX                       
KER-29997,KERR TYTIN FC 3 SPILL FAST SET 500/BX                       
KER-31377,KERR TEMP-BOND UNIDOSE 50/PK                                
KER-31513(E),KERR OPTIBOND S                            
KER-31513(E)A,KERR OPTIBOND SOLO PLUS REFILL          (sending S as optibond solo plus)                    
KER-31513(EU),KERR OPTIBOND SOLO PLUS REFILL                              
KER-31513HB(E),KERR OPTIBOND S                    
KER-31973,KERR TEMP-BOND NE UNIDOSE 50/PK                             
KER-32862,KERR MAXCEM ELITE 4:1 AUTOMIX TIPS REGULAR 50/PK
KER-33035,KERR ALGINOT CARTRIDGE REFILL BX/24                         
KER-33215,KERR TEMP-BOND AUTOMIX SYRINGE 20/PK
KER-33215(EU),KERR TEMPBOND STANDARD AUTOMIX SYRINGE                      
KER-33217,KERR TEMP-BOND AUTOMIX SYRINGE (2X 5ML + 20 TIPS)           
KER-33217(EU),KERR TEMPBOND NE AUTOMIX  SYRINGE                           
KER-33351,KERR TEMPBOND CLEAR AUTOMIX SYRINGE                         
KER-33643,KERR NX3 DUAL CURE REFILL CLEAR                             
KER-33817,KERR ALGINOT FS CARTRIDGE REFILL
KER-33872,KERR MAXCEM ELITE REFILL CLEAR 2/PK                         
KER-33873,KERR MAXCEM ELITE REFILL WHITE 2/PK                         
KER-33953,KERR TAKE 1 ADVANCED LIGHT BODY WASH FAST SET 2/PK
KER-33953(EU),KERR TAKE 1 ADVANCED WASH RB/SUPER FAST SET 2-CARTRIDGE REFI
KER-33963,KERR TAKE 1 ADVANCED TRAY REGULAR SET 2-CARTRIDGE REFILL
KER-33964,KERR TAKE 1 ADVANCED TRAY REGULAR SET 2-CARTRIDGE VALUE PACK
KER-33965,KERR TAKE 1 ADVANCED TRAY FAST SET 2-CARTRIDGE REFILL
KER-33965(EU),KERR TAKE 1 ADVANCED TRAY HB/FAST SET 2-CARTRIDGE REFILL    
KER-33967,KERR TAKE 1 ADVANCED TRAY SUPER FAST SET 2-CARTRIDGE REFILL 
KER-33967,KERR TAKE 1 ADVANCED TRAY SUPER FAST SET 2-CARTRIDGE VALUE P
KER-33968,KERR TAKE 1 ADVANCED TRAY SUPER FAST SET 2-CARTRIDGE VALUE P
KER-34070,KERR TAKE 1 ADVANCED PUTTY
KER-34241(E),KERR VERTISE FLOW SYRINGE REFILL A1 2/PK                   
KER-34242(E), Kerr Vertise Flow Syringe Refill A2 2/Pk
KER-35107(E),KERR OPTIBOND XTR BOTTLE PRIMER
KER-35108(E),KERR OPTIBOND XTR BOTTLE ADHESIVE
KER-35129,KERR OPTIBOND ALL IN ONE SELF ETCH 6ML                      
KER-36051(EU),KERR SONICFILL 2 UNIDOSE REFILL A1 20/PK                    
KER-36052(EU),KERR SONICFILL 2 UNIDOSE REFILL A2 20/PK                    
KER-36053(EU),KERR SONICFILL 2 UNIDOSE REFILL A3 20/PK                    
KER-36054(EU),KERR SONICFILL 2 UNIDOSE REFILL B1 20/PK                    
KER-60120,KERR SYBRON K-FLEX FILES 21MM #06                           
KER-60144,KERR SYBRON K-FLEX FILES 25MM #06                           
KER-60193,KERR SYBRON K-FLEX FILES SS 30MM #06                        
KER-62249,Kerr Sybron K-Files 21mm #06                               
KER-62250,KERR SYBRON K-FILES 25MM #06                                
KER-821-4021,KERR SYBRON K-FLEX FILES ASSORTED 21MM #15-40               
KER-821-4025,KERR SYBRON K-FLEX FILES ASSORTED 25MM #15-40               
KER-821-4125,KERR SYBRON K-FLEX FILES ASSORTED 25MM #45-80               
KER-822-0257,Kerr Sybron TF Twisted Files 27mm .10/25
KER-822-2253,Kerr Sybron TF Twisted Files 23mm .12/25                   
KER-822-4253,Kerr Sybron TF Twisted Files 23mm .04/25                   
KER-822-4403,Kerr Sybron TF Twisted Files 23mm .04/40                   
KER-822-4407,Kerr Sybron TF Twisted Files 27mm .04/40                   
KER-822-4683,Kerr Sybron TF Small Assortments 23mm .025                 
KER-822-6253,Kerr Sybron TF Twisted Files 23mm .06/25
KER-822-6303,KERR SYBRON TF TWISTED FILES 23MM .60/30
KER-822-6307,KERR SYBRON TF TWISTED FILES 27MM. 06/30
KER-822-6803,KERR SYBRON TF TWISTED FILES KARGE ASSORTED 23MM
KER-822-8257,Kerr Sybron TF Twisted Files 27mm .08/25
KER-823-0257,Kerr Sybron K3 XF Files 17mm .10/25                        
KER-823-4205,KERR SYBRON K3 XF FILES 25MM .04/20                        
KER-823-4255,KERR SYBRON K3 XF FILES 25MM .04/25                        
KER-823-4305,KERR SYBRON K3 XF FILES 25MM .04/30                        
KER-823-4355,KERR SYBRON K3 XF FILES 25MM .04/35                        
KER-823-4405,KERR SYBRON K3 XF FILES 25MM .04/40                        
KER-823-4455,KERR SYBRON K3 XF FILES 25MM .04/45                         
KER-823-6355,Kerr Sybron K3 XF Files 25mm .06/35                        
KER-825-0400,Kerr Sybron K3 & K3XF Gutta Percha Assorted .04            
KER-825-4155,KERR SYBRON K3 FILES 25MM .04/15                           
KER-825-4205,KERR SYBRON K3 FILES 25MM .04/20                           
KER-825-4255,KERR SYBRON K3 FILES 25MM .04/25                            
KER-825-6025,KERR SYBRON K3 FILES ASSORTED 25MM .06/15-40               
KER-830-8257,Kerr Sybron K3 Files 17mm .08/25                           
KER-952-0004,KERR SYBRON PLUGGER BUCHANAN FINE 
KER-952-0005,KERR SYBRON PLUGGER BUCHANAN FINE-MED 
KER-972-1002,KERR SYBRON ELEMENTS GUTTA PERCHA CARTIDGE 23 GAUGE 10/PK   
KER-972-1003,KERR SYBRON ELEMENTS GUTTA PERCHA CARTIDGE 25 GAUGE 10/PK  
KER-973-0067,KERR SYBRON ULTRAFINE SPREADER TIP SP-3-S
KERR-31513,KERR SYBRON SYSTEM B CORDLESS TIP-M                         
KIM-48247,KIMBERLY-CLARK FLUIDSHIELD WRAP AROUND TIE-ON MASK (100/CS) 
KOD-1163401(E),KODAK INSIGHT FILM IP-21#2 POLYSOFT                         
KOD-1228840,KODAK ULTRASPEED FILM DF-54 #0 POLYSOFT                     
KOD-1273747,KODAK ULTRASPEED FILM DF-56 #1 PAPER                        
KOD-1296771,KODAK ULTRASPEED FILM DF-42 #3 PAPER                        
KOD-1658194(E),KODAK ULTRASPEED FILM DF-58 #2 POLYSOFT                     
KOD-1666163,KODAK ULTRASPEED FILM DF-50 #4 PAPER
KOD-1753664(E),KODAK ULTRASPEED FILM DF-57 #2 POLY DOUBLE PK               
KOD-1798628,KODAK IP-22 PERIAP PSOFT #2 FILM
KOD-1869080,KODAK T-MAT G FILM TMG-15 6X12                              
KOD-1987627,KODAK T-MAT G FILM TMG-5 5X12                               
KOD-8675332,KODAK INSIGHT FILM IP-01#0 POLYSOFT                         
KRO-KRM302,KROMOPAN ALGINATE 100 1LN BAG                               
KRO-MSG500P,KROMOPAN GREEN MEASURING SCOOP; POWDER
KRO-MSG500W,KROMOPAN GREEN MEASURING SCOOP; WATER
KUL-50037101,KULZER VIBRAKLEEN EZ TABLETS CLINIC 80/BX                   
KUL-65414615,KULZER AGFA DENTUS M2 COMFORT FILM
KUL-65872354,KULZER GLUMA DESENSITIZER 5ML
KUL-65872354(x3),KULZER GLUMA DESENSITIZER 3- 5ML
KUL-65872354(E),KULZER GLUMA DESENSITIZER STANDARD                          
KUL-66000085(E),KULZER CHARISMA SYRINGE REFILL A1                           
KUL-66000086(E),KULZER CHARISMA SYRINGE REFILL A2                           
KUL-66000087(E),KULZER CHARISMA SYRINGE REFILL A3                           
KUL-66002103(E),KULZER FLEXITIME EASY PUTTY 4X600ML                         
KUL-66002103E(x4),KULZER FLEXITIME EASY PUTTY 4X600ML                         
KUL-66002186(E),KULZER FLEXITIME CORRECT FLOW CART 50 ML 2/PKG              
KUL-66002186E(x6),KULZER FLEXITIME CORRECT FLOW CART 50 ML 2/PKG              
KUL-66002193,KULZER FLEXITIME HEAVY TIME TRAY 6X (2 X 50ML)              
KUL-66002193(x6),KULZER FLEXITIME HEAVY TIME TRAY 6X (2 X 50ML)              
KUL-66002200,KULZER FLEXITIME MONOPHASE 6 X (2 X 50ML)                   
KUL-66035991,KULZER FLEXITIME DYNAMIX PUTTY (2X380ML)                    
KUL-66035991 BULK,KULZER FLEXITIME DYNAMIX PUTTY (2X380ML)                    
KUL-66035992,KULZER FLEXITIME DYNAMIX HT REFILL (2X380ML)                
KUL-66035992 BULK,KULZER FLEXITIME DYNAMIX HT REFILL (2X380ML)                
KUL-66039008,KULZER VENUS DIAMOND PLT REFILL A1 20/BX
KUL-66039009,KULZER VENUS DIAMOND PLT REFILL A2 20/BX
KUL-66039011,KULZER VENUS DIAMOND PLT REFILL A3 20/BX
KUL-66040094,KULZER IBOND TOTAL ETCH REFILL 4ml
KUL-66040094-3,KULZER IBOND TOTAL ETCH REFILL 4ml pack of 3
KUL-66040354,KULZER VENUS DIAMOND FLOW SYRINGE A1
KUL-66040355,KULZER VENUS DIAMOND FLOW SYRINGE A2
KUL-66041061,Kulzer Flexitime Extra Light Flow 2/Pkg
KUL-66041061 bulk,Kulzer Flexitime Extra Light Flow 2/Pkg Bulk pack 
KUL-66046243,KULZER IBOND SELF ETCH BOTTLE VALUE PACK 3/PK               
KUL-66046244,KULZER IBOND SELF ETCH SINGLE DOSE REFILL 1 X 4ML
KUL-66046244(x2),KULZER IBOND SELF ETCH SINGLE DOSE REFILL 100 single dose
KUL-66048090,KULZER VENUS PEARL PLT REFILL A1 20/BX
KUL-66048141,KULZER VENUS PEARL PLT REFILL A2 20/BX
KUL-66048142,KULZER VENUS PEARL PLT REFILL HK A2.5 20/BX                 
KUL-66048175,KULZER VENUS PEARL SYRINGE REFILL A1
KUL-66048176,KULZER VENUS PEARL SYRINGE REFILL A2
KUR-070-KA,KURARAY CLEARFIL PHOTO BOND KIT                             
KUR-1970-KA(E),KURARAY CLEARFIL SE BOND KIT                                
KUR-1972-KA,KURARAY CLEARFIL SE BOND VALUE KIT                          
KUR-1981-KA,KURARAY CLEARFIL SE BOND LIQUID REFILL 5ML                  
KUR-220-KA,KURARAY CARIES DETECTOR 6ML 2/BX                            
KUR-2610-KA(E),KURARAY CLEARFIL MAJESTY FLOW A1 3.2gm                      
KUR-2611-KA(E),KURARAY CLEARFIL MAJESTY FLOW A2 3.2gm                      
KUR-2612-KA(E),KURARAY CLEARFIL MAJESTY FLOW A3 3.2gm                      
KUR-2692-KA,Kuraray Clearfil Majesty Post Tip A2 (20/Bx)                
KUR-2890-KA,KURARAY CLEARFIL S3 BOND PLUS 4ML                           
KUR-3110-KA(E),KURARAY CLEARFIL MAJESTY ES-2 A1 20/BX                      
KUR-3111-KA(E),KURARAY CLEARFIL MAJESTY ES-2 PLT A2 20/BX                  
KUR-3112-KA(E),KURARAY CLEARFIL MAJESTY ES-2 PLT A3 20/BX                  
KUR-3116-KA, KURARAY CLEARFIL MAJESTY ES-2 PLT B1 20/BX                   
KUR-3302-KA(E),KURARAY CLEARFIL MAJESTY ES FLOW SYRINGE A2                 
KUR-3303-KA(E), KURARAY CLEARFIL MAJESTY ES FLOW SYRINGE A3
KUR-3382-KA,KURARAY PANAVIA  SA PLUS STANDARD KIT UNIVERSAL             
KUR-3384-KA,KURARAY PANAVIA  SA PLUS STANDARD KIT TRANSLUCENT           
KUR-3385-KA(E),KURARAY PANAVIA  SA PLUS VALUE KIT UNIVERSAL                
KUR-3387-KA(E),Kuraray Panavia  SA Plus Value Kit Translucent              
LOK-1018B,"LOOK SUTURE POLYPRO MONO BLU DS18 5-0 18"" 12/BOX            "
LOK-1282B,"LOOK SUTURE NYLON MONO BLK DSM13 6-0 18"" 12/BOX             "
LOK-1284B,"LOOK SUTURE NYLON MONO BLK  5-0 8""  C3 12/BOX               "
LOK-1285B,"LOOK SUTURE NYLON MONO BLK C3 5-0 18"" 12/BOX                "
LOK-1290B,"LOOK SUTURE NYLON MONO BLK PC31 4-0  18""/45CM 12/BX         "
LOK-1291B,"LOOK SUTURE NYLON MONO BLK C3 4-0  18""/45CM 12/BX           "
LOK-497B,"LOOK SUTURE PC31  UND BR PGA 3-0 18"" 12/BOX                 "
LOK-525B,"LOOK SUTURE CHROMIC GUT UD C6 3-0 18"" 12/BOX                "
LOK-551B,"LOOK SUTURE PLAIN GUT DS18/C6 4-0 27"" 12/BOX                "
LOK-553B,"LOOK SUTURE PLAIN GUT BEIGE DS24/C7 3-0 27"" 12/BX           "
LOK-554B,"LOOK SUTURE PLAIN GUT BEIGE DS18 C6 3-0 27"" 12/BOX          "
LOK-555B,"Look Suture Plain Gut Beige C7 2-0 27"" 12/Box               "
LOK-557B,"LOOK SUTURE CHROMIC GUT 5-0 27"" 12/BOX                      "
LOK-558B,"LOOK SUTURE CHROMIC GUT UNDYED C-6 4-0 18"" 12/BOX           "
LOK-559B,"LOOK SUTURE CHROMIC GUT UNDYED C6 4-0 27"" 12/BOX            "
LOK-560B,"LOOK SUTURE CHROMIC GUT UNDYED C6 3-0 27"" 12/BOX            "
LOK-563B,"LOOK SUTURE CHROMIC GUT UNDYED C17 5-0 18"" 12/BOX           "
LOK-591B,"LOOK SUTURE SURGICAL PLAIN GUT BEIGE DS18 4-0 18"" 12/BOX    "
LOK-592B,"LOOK SUTURE PLAIN GUT DS18 C6 3-0 18"" 12/BOX                "
LOK-594B,"LOOK SUTURE PLAIN GUT BEIGE HS24/C31 3-0 18"" 12/BOX         "
LOK-774B,"LOOK SUTURE SILK BLACK C17 5-0 18"" 12/BOX                   "
LOK-781B,"LOOK SUTURE SILK BLACK DS18/C6 4-0 18"" 12/BOX               "
LOK-784B,"LOOK SUTURE SILK BLACK DS18/C6 3-0 18"" 12/BOX               "
LOK-785B,"LOOK SUTURE SILK BLACK HS24/C31 3-0 BBS 18"" 12/BX           "
LOK-786B,"LOOK SUTURE SILK BLACK DS24/C7 3-0 BBS 18"" 12/BX            "
LOK-787B,"LOOK SUTURE SILK BLACK BRAIDED C17 4-0 18"" 12/BOX           "
LOK-918B,"LOOK SUTURE BK NYLON MONO C6 5-0 18"" 12/BOX                 "
LOK-921B,"Look Suture Bk Nylon Mono C17 4-0 18"" 12/Box                "
LOK-922B,"LOOK SUTURE BK NYLON MONO C6 4-0 18"" 12/BOX                 "
LOK-925B,"LOOK SUTURE BK NYLON MONO C7 3-0 18"" 12/BOX                 "
LOK-927B,"LOOK SUTURE BK NYLON MONO C8 2-0 18"" 12/BOX                 "
LOK-928B,"Look Suture Nylon Blk Mono C6 3-0 18"" 12/Box                 "
LOK-944B,"LOOK SUTURE NYLON MONOFILAMENT C6 4-0 10"" 12/BOX            "
LOK-945B,"LOOK SUTURE NYLON MONOFILAMENT C6 5-0 10"" 12/BOX            "
MAN-GATES32#1,MANI GATES DRILL #1                                         
MAN-GATES32#2,MANI GATES DRILL #2                                         
MAN-GATES32#3,MANI GATES DRILL #3                                         
MAN-GATES32#4,MANI GATES DRILL #4                                         
MAN-GATES32#5,MANI GATES DRILL #5                                         
MAN-GATES32#6,MANI GATES DRILL #6                         
MAN-GATES32ASS,MANI GATES DRILL ASSORTED                                   
MAN-PASTE21#25,MANI PASTE CARRIER #25 21MM                                 
MAN-PASTE21#30,MANI PASTE CARRIER #30 21MM                                 
MAN-PASTE21#40,MANI PASTE CARRIER #40 21MM                                 
MAN-PASTE21ASS,MANI PASTE CARRIER ASSORTED 25-40 21MM                      
MAN-PASTE25#30,MANI PASTE CARRIER #30 25MM                                 
MAN-PASTE25#40,MANI PASTE CARRIER #40 25MM                                 
MAN-PASTE25ASS,MANI PASTE CARRIER ASSORTED 25-40 25MM                      
MAN-PEESO32#1,MANI PEESO REAMER #1                                        
MAN-PEESO32#2,MANI PEESO REAMER #2                                        
MAN-PEESO32#3,MANI PEESO REAMER #3                                        
MAN-PEESO32#4,MANI PEESO REAMER #4                                        
MAN-PEESO32#6,MANI PEESO REAMER #6                                 
MAN-PEESO32ASS,MANI PEESO REAMER ASSORTED                                  
MDL-NON80328,"MEDLINE EMESIS BAGS, BLUE, 1000 ML - 24/PACK, 6 PK/CASE     "
MIL-71-8,Miltex Hollenback Plugger#1 DE
MLD-MPC10,MLD POLYCARBONATE CROWNS #10 (5/BX)                         
MLD-MPC10 NRG,MLD POLYCARBONATE CROWNS #10 (5/BX)                         
MLD-MPC100,MLD POLYCARBONATE CROWNS #100 (5/BX)                         
MLD-MPC101,MLD POLYCARBONATE CROWNS #101 (5/BX)                        
MLD-MPC102,MLD POLYCARBONATE CROWNS #102 (5/BX)                        
MLD-MPC11,MLD POLYCARBONATE CROWNS #11 (5/BX)                         
MLD-MPC11 NRG,MLD POLYCARBONATE CROWNS #11 (5/BX)                         
MLD-MPC12,MLD POLYCARBONATE CROWNS #12 (5/BX)                         
MLD-MPC12 NRG,MLD POLYCARBONATE CROWNS #12 (5/BX)                         
MLD-MPC13 NRG,MLD POLYCARBONATE CROWNS #13 (5/BX)                         
MLD-MPC14 NRG,MLD POLYCARBONATE CROWNS #14 (5/BX)                         
MLD-MPC15,MLD POLYCARBONATE CROWNS #15 (5/BX)                         
MLD-MPC17 NRG,MLD POLYCARBONATE CROWNS #17 (5/BX)                         
MLD-MPC18,MLD POLYCARBONATE CROWNS #18 (5/BX)                         
MLD-MPC19 NRG,MLD POLYCARBONATE CROWNS #19 (5/BX)                         
MLD-MPC2,MLD POLYCARBONATE CROWNS #2 (5/BX)                          
MLD-MPC2 NRG,MLD POLYCARBONATE CROWNS #2 (5/BX)                          
MLD-MPC20,MLD POLYCARBONATE CROWNS #20 (5/BX)                         
MLD-MPC200,MLD POLYCARBONATE CROWNS #200 (5/BX)                        
MLD-MPC200 NRG,MLD POLYCARBONATE CROWNS #200 (5/BX)                        
MLD-MPC21,MLD POLYCARBONATE CROWNS #21 (5/BX)                         
MLD-MPC21 NRG,MLD POLYCARBONATE CROWNS #21 (5/BX)                         
MLD-MPC22,MLD POLYCARBONATE CROWNS #22 (5/BX)                         
MLD-MPC23,MLD POLYCARBONATE CROWNS #23 (5/BX)                         
MLD-MPC24,MLD POLYCARBONATE CROWNS #24 (5/BX)                         
MLD-MPC25,MLD POLYCARBONATE CROWNS #25 (5/BX)                         
MLD-MPC26,MLD POLYCARBONATE CROWNS #26 (5/BX)                         
MLD-MPC27,MLD POLYCARBONATE CROWNS #27 (5/BX)                         
MLD-MPC28,MLD POLYCARBONATE CROWNS #28 (5/BX)                         
MLD-MPC29 NRG,MLD POLYCARBONATE CROWNS #29 (5/BX)                         
MLD-MPC30,MLD POLYCARBONATE CROWNS #30 (5/BX)                         
MLD-MPC300,MLD POLYCARBONATE CROWNS #300 (5/BX)                        
MLD-MPC300 NRG,MLD POLYCARBONATE CROWNS #300 (5/BX)                        
MLD-MPC301,MLD POLYCARBONATE CROWNS #301 (5/BX)                        
MLD-MPC301 NRG,MLD POLYCARBONATE CROWNS #301 (5/BX)                        
MLD-MPC302,MLD POLYCARBONATE CROWNS #302 (5/BX)                        
MLD-MPC302 NRG,MLD POLYCARBONATE CROWNS #302 (5/BX)                        
MLD-MPC303 NRG,MLD POLYCARBONATE CROWNS #303 (5/BX)                        
MLD-MPC31,MLD POLYCARBONATE CROWNS #31 (5/BX)                         
MLD-MPC31 NRG,MLD POLYCARBONATE CROWNS #31 (5/BX)                         
MLD-MPC32 NRG,MLD POLYCARBONATE CROWNS #32 (5/BX)                         
MLD-MPC33,MLD POLYCARBONATE CROWNS #33 (5/BX)                         
MLD-MPC33 NRG,MLD POLYCARBONATE CROWNS #33 (5/BX)                         
MLD-MPC35,MLD POLYCARBONATE CROWNS #35 (5/BX)                         
MLD-MPC36,MLD POLYCARBONATE CROWNS #36 (5/BX)                         
MLD-MPC37,MLD POLYCARBONATE CROWNS #37 (5/BX)                         
MLD-MPC37 NRG,MLD POLYCARBONATE CROWNS #37 (5/BX)                         
MLD-MPC38,MLD POLYCARBONATE CROWNS #38 (5/BX)                         
MLD-MPC39,MLD POLYCARBONATE CROWNS #39 (5/BX)                         
MLD-MPC39 NRG,MLD POLYCARBONATE CROWNS #39 (5/BX)                         
MLD-MPC40 ,MLD POLYCARBONATE CROWNS #40 (5/BX)                         
MLD-MPC41 ,MLD POLYCARBONATE CROWNS #41 (5/BX)                         
MLD-MPC42,MLD POLYCARBONATE CROWNS #42 (5/BX)                         
MLD-MPC43,MLD POLYCARBONATE CROWNS #43 (5/BX)                         
MLD-MPC43 NRG,MLD POLYCARBONATE CROWNS #43 (5/BX)                         
MLD-MPC44,MLD POLYCARBONATE CROWNS #44 (5/BX)                         
MLD-MPC44 NRG,MLD POLYCARBONATE CROWNS #44 (5/BX)                         
MLD-MPC50 NRG,MLD POLYCARBONATE CROWNS #50 (5/BX)                         
MLD-MPC51 NRG,MLD POLYCARBONATE CROWNS #51 (5/BX)                         
MLD-MPC52,MLD POLYCARBONATE CROWNS #52 (5/BX)                         
MLD-MPC53,MLD POLYCARBONATE CROWNS #53 (5/BX)                         
MLD-MPC54,MLD POLYCARBONATE CROWNS #54 (5/BX)                         
MLD-MPC54 NRG,MLD POLYCARBONATE CROWNS #54 (5/BX)                         
MLD-MPC60,MLD POLYCARBONATE CROWNS #60 (5/BX)                         
MLD-MPC60 NRG,MLD POLYCARBONATE CROWNS #60 (5/BX)                         
MLD-MPC61,MLD POLYCARBONATE CROWNS #61 (5/BX)                         
MLD-MPC62,MLD POLYCARBONATE CROWNS #62 (5/BX)                         
MLD-MPC62 NRG,MLD POLYCARBONATE CROWNS #62 (5/BX)                         
MLD-MPC66,MLD POLYCARBONATE CROWNS #66 (5/BX)                         
MLD-MPC67,MLD POLYCARBONATE CROWNS #67 (5/BX)                         
MLD-MPC68,MLD POLYCARBONATE CROWNS #68 (5/BX)                         
MLD-MPC68 NRG,MLD POLYCARBONATE CROWNS #68 (5/BX)                         
MLD-MPC69,MLD POLYCARBONATE CROWNS #69  5/BX)                         
MXT-MXT#IOY,SYRINGE TIPS INTRAORAL YELLOW 100/BAG                       
MXT-MXT#P,SYRINGE TIPS DYNAMIC RED (50/BAG)                           
NKY-1050075,Bosworth/Keystone Deluxe Magnetic Articulator
NKY-1271160,BOSWORTH/KEYSTONE ROACH CLASP SS SMALL ANT STRAIGHT 10/PK   
NKY-1271190,BOSWORTH/KEYSTONE WIRE CLASPS ROACH BIC MED STRAIGHT 10/PK  
NKY-1271200,Bosworth/Keystone Stainless Steel Wire Clasps Bicuspid Medium Left 10/Pk
NKY-1271210,Bosworth/Keystone Stainless Steel Wire Clasps Bicuspid Medium Right 10/Pk
NKY-1662213,BOSWORTH/KEYSTONE FLEXO RAINBOW FIXED TIP 1000/PK            
NKY-1662214,BOSWORTH/KEYSTONE FLEXO CLEAR W/ REMOVABLE TIP 100/PK       
NKY-1662215,BOSWORTH/KEYSTONE FLEXO CLEAR W/ WHITE FIXED TIP 100/PK     
NKY-1662216,BOSWORTH/KEYSTONE FLEXO BLUE W/ WHITE FIXED TIP 100/PK      
NKY-1662217,BOSWORTH/KEYSTONE FLEXO YELLOW W/ WHITE FIXED TIP 100/PK    
NKY-1662218,BOSWORTH/KEYSTONE FLEXO GREEN W/ WHITE FIXED TIP 100/PK     
NKY-1662219,BOSWORTH/KEYSTONE FLEXO RED W/ WHITE FIXED TIP 100/PK       
NKY-1670016,BOSWORTH/KEYSTONE HATHO MINIATURE SCOTCH BRITE COARSE 12/PK 
NKY-1680050,Bosworth/Keystone Honey Comb Round Furnace Tray            
NKY-6050100,BOSWORTH/KEYSTONE FLECK'S ZINC CEMENT SNOW WHITE 29G        
NKY-6050200,BOSWORTH/KEYSTONE FLECK'S ZINC CEMENT LIGHT YELLOW 29G      
NKY-6050400,BOSWORTH/KEYSTONE FLECK'S ZINC CEMENT GOLDEN YELLOW 29G     
NKY-6051400,BOSWORTH/KEYSTONE FLECK'S ZINC PHOSPHATE CEMENT LIQUID 15ML 
NKY-6051700,BOSWORTH/KEYSTONE FLECK'S ZINC CEMENT LIQUID 35ML           
NKY-6120200,BOSWORTH/KEYSTONE MIZZY PIP PASTE JAR W/ REMOVER 1 1/4 OZ   
NKY-6120300,BOSWORTH/KEYSTONE MIZZY PIP PASTE JAR W/ REMOVER 2.25 OZ   
NKY-6120400,BOSWORTH/KEYSTONE MIZZY PIP PASTE JAR 8OZ                   
NKY-6120600,BOSWORTH/KEYSTONE MIZZY PIP PASTE BRUSHES 12/PK             
NKY-6121000,BOSWORTH/KEYSTONE MIZZY PIP PUMP 4OZ                        
NKY-6140100,BOSWORTH/KEYSTONE MIZZY PIP SPRAY MINT 4OZ                  
NKY-7000313,KEYSTONE HIGH VOLUME EVACUATOR TIPS D-3 HVE WHITE 1000/CASE 
NKY-7000313-1,KEYSTONE HIGH VOLUME EVACUATOR TIPS D-3 HVE WHITE 100/BAG   
NKY-921007,BOSWORTH/KEYSTONE SUPER EBA CEMENT STANDARD KIT             
NKY-921009,BOSWORTH/KEYSTONE SUPER EBA CEMENT POWDER REGULAR SET 15 GM 
NKY-921010,BOSWORTH/KEYSTONE SUPER EBA CEMENT LIQUID 6.5ML             
NKY-921094,BOSWORTH/KEYSTONE TRIM II PWD #62 1.5OZ                     
NKY-921095,BOSWORTH/KEYSTONE TRIM II PWD #65 1.5OZ                     
NKY-921096,BOSWORTH/KEYSTONE TRIM II PWD #69 1.5OZ                     
NKY-921251,BOSWORTH/KEYSTONE TRUSOFT DENTURE RELINING POWDER 85 GM     
NKY-921255,BOSWORTH/KEYSTONE TRUSOFT DENTURE RELINING LIQUID 8 OZ      
NKY-921422,BOSWORTH/KEYSTONE WONDER WEDGE NATURAL SMALL ASSORTED 500/BX
NKY-921426,BOSWORTH/KEYSTONE WONDER WEDGES NATURAL ASSORTED 500/BX     
NKY-921489,BOSWORTH/KEYSTONE WONDER WEDGES COLOURED ASSORTED 500/BX    
NKY-921526,BOSWORTH/KEYSTONE VARNISH COPALINER 0.5 OZ/BTL              
NKY-921701,"BOSWORTH/KEYSTONE EDENTULOUS TRAY AWAYS #4 LOWER, MED 12/BX "
NKY-921702,"BOSWORTH/KEYSTONE EDENTULOUS TRAY AWAYS #5 UPPER, LRG 12/BX "
NKY-921775,Bosworth/Keystone Softone Conditioner Kit                  
NKY-921880,BOSWORTH/KEYSTONE TAC ADHESIVE AEROSOL SPRAY 3.5 OZ         
NKY-921881,BOSWORTH/KEYSTONE TAC TRAY ADHESIVE COMPOUND STANDARD KIT   
NKY-921884,BOSWORTH/KEYSTONE TRAY-AWAY #1 PERFORATED UPPER LARGE 12/BAG
NKY-921885,BOSWORTH/KEYSTONE TRAY-AWAY #3 MEDIUM UPPER 12/BAG          
NKY-921886,BOSWORTH/KEYSTONE TRAY-AWAY #5 SMALL UPPER 12/BAG           
NKY-921887,BOSWORTH/KEYSTONE TRAY-AWAY #2 LARGE LOWER 12/BAG           
NKY-921888,BOSWORTH/KEYSTONE TRAY-AWAY #4 MEDIUM LOWER 12/BAG          
NKY-921889,BOSWORTH/KEYSTONE TRAY-AWAY #6 SMALL LOWER 12/BAG           
NKY-921894,BOSWORTH/KEYSTONE TRAY-AWAY #7S UR/LL (12/BAG)              
NKY-921895,BOSWORTH/KEYSTONE TRAY-AWAY #8S UL/LR (12/BAG)              
NKY-921896,Bosworth/Keystone Tray-Away #9S Perforated La (12/Bag)     
NKY-921897,BOSWORTH/KEYSTONE TRAY-AWAY #10S PERFORATED UA (12/BAG)     
NKY-921900,BOSWORTH/KEYSTONE TRIM COMPLETE                             
NKY-921901,BOSWORTH/KEYSTONE TRIM ACRYLIC POWDER LIGHT 3OZ             
NKY-921902,BOSWORTH/KEYSTONE TRIM ACRYLIC POWDER DARK 3OZ              
NKY-921903,BOSWORTH/KEYSTONE TRIM LIQUID 6OZ                           
NKY-921907,BOSWORTH/KEYSTONE TRIM POWDER LIGHT 1LB                     
NKY-921908,BOSWORTH/KEYSTONE TRIM ACRYLIC POWDER DARK                  
NKY-921909,BOSWORTH/KEYSTONE TRIM LIQUID 8OZ                           
NKY-921914,BOSWORTH/KEYSTONE TRIM LIQUID 32OZ                          
NKY-9570905,"Bosworth/Keystone C&B Foam Filler Blue 1"" 3/8"" 1000/Pk     "
NRG-GLNTM,NRG Powder Free Nitrile Examination Gloves Medium (100/Box)
NSK-E16R,NSK FPB-Y HEAD UP CA                                        
NSK-E64R,NSK FPB-Y HEAD UP CA                                        
NSK-EX-5,NSK FPB-Y HEAD UP CA                                        
NSK-EX-6,NSK FPB-Y HEAD UP CA                                        
NSK-HP4PB,Push Button High Speed Handpiece 4-Hole. 
NSK-NBBW-Y,"For CA burs (Ø2.35),Water Spray With Water Nozzle,Max Speed 40,000 min-1"
PAR-S017,PARKELL  ACCUFILM II RED/BLACK                              
PAR-S018,PARKELL ACCUFILM-II BLACK/BLACK                             
PAR-S021,PARKELL  ACCUFILM II RED/RED                                
PAR-S180,PARKELL DRYZ  (GING.HEMOSTATIC RETRACTION  PASTE) 7/PK      
PAR-S284,PARKELL BRUSH & BOND KIT                                    
PAR-S285,PARKELL BRUSH & BOND LIQUID 3/ML
PAR-S300,PARKELL ABSOLUTE DENTIN WHITE
PAR-S303,PARKELL ABSOLUTE DENTIN INTRA-ORAL TIPS 50/PK               
PAR-S307,PARKELL ABSOLUTE DENTIN KIT BLUE
PAR-S337,PARKELL SMARTEMP CARTRIDGE ULTRA LIGHT A1                   
PAR-S340,PARKELL SMARTEMP CARTRIDGE LIGHT A2                         
PAR-S343,PARKELL DS50 SPLIT CARTRIDGE DISPENSING GUN                 
PAR-S370,Parkell  Amalgambond Plus Kit            
PAR-S371,PARKELL  AMALGAMBOND/C&B CATALYST
PAR-S380,Parkell C&B Metabond Adhesive Cement Complete Kit           
PAR-S427,PARKELL SNAP 40GM RESIN SHADE 77                            
PAR-S438S,PARKELL BLU-MOUSSE CLASSIC SPLIT CARTRIDGE                  
PAR-S448S,PARKELL BLU-MOUSSE 30 SECOND SET PEPPERMINT 2/PK            
PAR-S452,PARKELL SNAP ACRYLIC POWDER #59 170GM                       
PAR-S457S,PARKELL BLU-MOUSSE SPLIT CARTRIDGE SUPER FAST               
PDI-D19831,PDI WIPES SEE CLEAR                                         
PLP-EMS,PULPDENT EMBRACE PIT&FISSURE KIT                            
PLP-ET-24,PULPDENT ETCH-RITE ETCHING GEL BULK PACK 24/PK              
PLP-ET-50,PULPDENT ETCH-RITE JUMBO SYRINGE KIT                        
PLP-ET-50R,PULPDENT ETCH-RITE JUMBO SYRINGE REFILL 2-25ML              
PLP-ETCH,PULPDENT ETCH-RITE ETCHING GEL SYRINGE 4/PK                 
PLP-ET-TWIN,PULPDENT ETCH-RITE ETCH GEL SYRINGE 3ML TWIN PK             
PLP-MULTI,PULPDENT MULTI-CAL CALCIUM HYDROXIDE SYRINGE KIT 4/PK       
PLP-PEG,PULPDENT PORCELAIN ETCH GEL SYRINGE KIT                     
PLP-PSY,PULPDENT PULP CAPPING PASTE SYRINGE                         
PLP-SEAL,PULPDENT SEAL-RITE PIT & FISSURE SEALANT KIT                
PRE-1006203,Premier Triple Tray Posterior 48/Box                       
PRE-1006213,Premier Triple Tray Anterior 35/Box                        
PRE-1006223,Premier Triple Tray Quadrant 40/Box                        
PRE-3001450,PREMIER IMPLANT CEMENT                                      
PRE-9007071,PREMIER HEMODENT 10 CC                                     
PRE-9007072,PREMIER HEMODENT 20 CC                                     
PRE-9007073,PREMIER HEMODENT 40 CC                                   
PRE-9007091,PREMIER HEMODENT TRAXODENT PASTE VALUE PACK                
PRE-9007092,PREMIER HEMODENT TRAXODENT APPLICATOR TIPS 50/PK           
PRE-9007093,PREMIER HEMODENT TRAXODENT PASTE STARTER PACK              
PRE-9007131,PREMIER RC PREP 18G./JAR                                   
PRE-9007133,PREMIER RC PREP JAR 227 G.                              
PRE-9007135,Premier RC Prep Syringe 9Gm 2/Pk                           
PRE-9007402,PREMIER GLITTER PROPHY PASTE MINT MED CUPS                  
PRE-9011103,PREMIER PRO CLEAN STAIN CLEANER 10/CS                       
PRE-9061070,Premier Contoured Metal Bands                               
PRE-9061100,Premier Sycamore Wedges #13XT Neutral 400/Bx               
PRE-9061101,Premier Sycamore Wedges #13T Green 400/Bx                  
PRE-9061106,Premier Sycamore Wedges Ultra Thin Orange 400/Bx         
PRE-9061109,Premier Sycamore Wedges Mini Light Blue 400/Bx             
PRE-9061400,PREMIER IMPLANT SCALER 5/PK                                
PRE-9061401,PREMIER IMPLANT SCALER UNIVERSAL 2/PK                      
PRH 30-00122,Self-Adhesive Bite Wing Tabs
SCI-OPT33W12,SCICAN OPTIM 33 TB WIPES 6X7                                
SDI-4001202            ,SDI PERMITE CAPS FAST SET 1 SPILL 50/BX                    
SDI-4002202,SDI PERMITE CAPS FAST SET 2 SPILL 50/BX                     
SDI-4002303,SDI PERMITE CAPS REG SET 2 SPILL 50/BX                      
SDI-4002404            ,SDI PERMITE CAPS SLOW SET 2 SPILL 50/BX                    
SDI-4003202,SDI PERMITE CAPS FAST SET 3 SPILL 50/BX                     
SDI-4011222,SDI PERMITE CAPS FAST SET 1 SPILL ECON 500/JR               
SDI-4011323,SDI PERMITE CAPS REG SET 1 SPILL ECON 500/JR                
SDI-4012323,SDI PERMITE CAPS REG SET 2 SPILL ECON 500/JR                
SDI-4013303,SDI PERMITE CAPS REG SET 3 SPILL ECON 500/JR                
SDI-4022202,SDI PERMITE CAPS FAST SET 2 SPILL 500/JR                    
SDI-4023202,SDI PERMITE CAPS FAST SET 3 SPILL 500/JR                    
SDI-4402202,SDI GS-80 CAPSULES 2 SPILL FAST SET 50/JAR                  
SDI-4402303,SDI GS-80 CAPSULES 2 SPILL REGULAR SET 50/JAR               
SDI-4403202,SDI GS-80 CAPSULES 3 SPILL FAST SET 50/JAR                  
SDI-4403303,SDI GS-80 CAPSULES 3 SPILL REGULAR SET 50/JAR               
SDI-4411222,SDI GS-80 CAPSULES 1 SPILL FAST SET ECON 500/BX             
SDI-4411323,SDI GS-80 CAPSULES 1 SPILL REGULAR SET ECON 500/BX          
SDI-4412323,Sdi Gs-80 Capsules 2 Spill Regular Set  500/Pack          
SDI-4412323-2,SDI GS-80 CAPSULES 2 SPILL REGULAR SET 500/JAR              
SDI-4413323,SDI GS-80 CAPSULES 3 SPILL REGULAR SET ECON 500/BX          
SDI-4422202,SDI GS-80 CAPSULES 2 SPILL FAST SET 500/JAR                 
SDI-4422303,SDI GS-80 CAPSULES 2 SPILL REGULAR SET 500/JAR              
SDI-4423202,SDI GS-80 CAPSULES 3 SPILL FAST SET 500/JAR                 
SDI-4423303,SDI GS-80 CAPSULES 3 SPILL REGULAR SET 500/JAR              
SDI-7450001,SDI GLACIER COMPULES A1 20/PK                               
SDI-7500001,SDI WAVE SYRINGE DISPOSABLE TIPS 20/PK                      
SDI-7510102,SDI WAVE SYRINGE A1                                         
SDI-7510203,SDI WAVE SYRINGE A2                                         
SDI-7510304,SDI WAVE SYRINGE A3                                         
SDI-7520003,SDI WAVE COMPLETE COMPULE A2 20/BOX                         
SDI-7700218,SDI POLA OFFICE 3 PATIENTEN-SET                             
SDI-7700256,SDI POLA OFFICE 1 PATIENTEN-SET                             
SDI-7700357,SDI POLA DAY MINI KIT 6%  4X1.3G                            
SDI-7700359,SDI POLA DAY SYRINGE KIT 6%  10X1.3G                        
SDI-7700361,SDI POLA DAY  BULK KIT 6%  50 X1.3G                         
SDI-7700377,SDI POLA NIGHT SYRINGE KIT 16% 10 X 1.3G                    
SDI-8100045,SDI SUPER ETCH SYRINGE KIT WITH TIPS 10 X2ML                
SFD-A9019W,"SAFE-DENT SURGICAL ASPIRATOR TIPS WHITE 1/8"" 25/BAG         "
SHO-0042,SHOFU DURA-GREEN STONES H TC4                               
SHO-0046,SHOFU DURA-GREEN STONES HP WH4                              
SHO-0060,SHOFU DURA-GREEN STONES CA FL2                              
SHO-0104,SHOFU DURA-GREEN STONES FG FL2                              
SHO-0108,SHOFU DURA-GREEN STONES FG RD2                              
SHO-0180,SHOFU ONE GLOSS KIT                                         
SHO-0182,SHOFU ONEGLOSS MIDI PN                                      
SHO-0186,SHOFU ONEGLOSS MINI POINT REFILL                            
SHO-0191,SHOFU COMPOSITE MED POLISH PTS BULLET 12/BX                 
SHO-0211,SHOFU DURA-WHITE STONES TC4 H                               
SHO-0240,SHOFU DURA-WHITE STONES FG FL1                              
SHO-0241,SHOFU DURA-WHITE STONES FG CN1                              
SHO-0244,SHOFU DURA-WHITE STONES FG FL2                              
SHO-0247,SHOFU DURA-WHITE STONES FG RD1                              
SHO-0248,SHOFU DURA-WHITE STONES FG RD2                              
SHO-0271,SHOFU BROWNIE KN7 HP                                        
SHO-0291,SHOFU COMPOSITE CA BULLET FINE                              
SHO-0403,SHOFU BROWNIE MINI-POINT CA                                 
SHO-0413,SHOFU BROWNIE MINI-POINT FG                                 
SHO-0414,SHOFU GREENIE MINI-POINT FG                                 
SHO-0500,SHOFU SUPER SNAP RAINBOW TECHIQUE KIT                       
SHO-0816-1,Shofu Robot Diamond Points FG 0816  
SHO-0816-1-1,Shofu Robot Diamond Points FG 0816  sinlge bur
SHO-0850-1,Shofu Robot Diamond Points FG 0850 6/Pk                     
SHO-0860-1,SHOFU ROBOT DIAMOND POINTS FG 0860 6/PK 
SHO-1110,SHOFU GLASIONOMER BASE CEMENT KIT                           
SHO-1484,SHOFU BEAUTIFUL FLOW TIPS NEEDLE 50/BX                      
SHO-1752,SHOFU BEAUTIFUL II TIPS A1                                  
SHO-1753,SHOFU BEAUTIFUL II TIPS A2                                  
SHO-1754,SHOFU BEAUTIFUL II TIPS A3                                  
SHO-1755,SHOFU BEAUTIFUL II TIPS A3.5                                
SHO-H413,SHOFU BROWNIE MINI-POINTS FG 72/BX                          
SHO-HG22,SHOFU DURA-GREEN STONES HP IC9 72/BOX                       
SHO-HG29,SHOFU DURA-GREEN STONES HP KN7 72/BX                        
SHO-HG42,SHOFU DURA-GREEN STONES HP TC4 72/BOX                       
SHO-L501,SHOFU SUPER SNAP DISKS POLISHING                            
SHO-L502,SHOFU SUPER SNAP DISKS SUPERPOLISHING                       
SHO-L506,SHOFU SUPER SNAP DISKS CONTOURING                           
SHO-L507,SHOFU SUPER SNAP DISKS CONTOURING BLACK SSD                 
SHO-L508,SHOFU SUPER SNAP DISKS FINISHING                            
SHO-L509,SHOFU SUPER SNAP DISKS FINISHING VIOLET SSU                 
SHO-L519,SHOFU SUPER SNAP DISKS POLISHING DARK GREEN MINI            
SHO-L521,SHOFU SUPER SNAP DISKS SUPER POLISHING  RED MINI            
SHO-L522,SHOFU SUPER SNAP DISKS FINISHING  VIOLET MINI               
SHO-L523,SHOFU SUPER SNAP BUFF DISK                                  
SHO-L524,SHOFU SUPER-SNAP BUFF DISKS MINI 25/BX                      
SHO-L525,SHOFU SUPER SNAP STRIPS BLACK/VIOLET COARSE                 
SHO-L526,SHOFU SUPER SNAP DISKS FINISHING  RED/GREEN FINE            
SHO-L528,SHOFU SUPER SNAP DISKS FINISHING DS DARK VIOLET             
SHO-Y2285,SHOFU BEAUTIFIL II LS UNIVERSAL CAPS A2 20/PK               
SIR-6176510,SIRONA XIOS SENSOR HOLDERS ANTERIOR BLUE 100/PK
SIR-6176528,SIRONA XIOS SENSOR HOLDERS POSTERIOR YELLOW 100/PK
SIR-6176536,SIRONA XIOS SENSOR HOLDERS BITEWING RED 100/PK
SIR-6176544,SIRONA XIOS SENSOR HOLDERS UNIVERSAL GREEN 100/PK
SSW-13004,SS WHITE BURS FG4 (100/PK)                                  
SSW-13088,SS WHITE BURS FG GW6 (100/PK)                               
SSW-13091,SS WHITE BURS GREAT WHITE CARBIDE FG557 100/PK              
SSW-13095,SS WHITE BURS FG GW2 (100/PK)                               
SSW-13245,SS WHITE BURS FG245 (100/PK)                                
SSW-13290,SS WHITE BURS FG330S (100/PK)                               
SSW-13330,SS WHITE BURS FG330 (100/PK)                                
SSW-13557,SS WHITE BURS FG557 (100/PK)                                
SSW-13804,SS WHITE BURS RA4 (100/PK)                                  
SSW-13806,SS WHITE BURS RA6 (100/PK)                                  
SSW-14001-5,SS WHITE BURS SURGICAL SL FG1 (5/PK)                        
SSW-14002-5,SS WHITE BURS SURGICAL SL FG2 (5/PK)                        
SSW-14006-5,SS WHITE BURS SURGICAL SL FG6 (5/PK)                        
SSW-14008-5,SS WHITE BURS SURGICAL SL FG8 (5/PK)                        
SSW-14057-5,SS WHITE BURS SURGICAL SL FG557 (5/PK)                      
SSW-14058-5,SS WHITE BURS SURGICAL SL FG558 (5/PK)                      
SSW-14060-5,SS WHITE BURS SURGICAL SL FG1558 (5/PK)                     
SSW-14074-5,SS WHITE BURS SURGICAL SL FG1702 (5/PK)                     
SSW-14112-5,SS WHITE BURS SURGICAL SL RA2 (5/PK)                        
SSW-14116-5,SS WHITE BURS SURGICAL SL RA6 (5/PK)                        
SSW-14727,SS WHITE BURS RA4 (10/PK)                                   
SSW-14733,SS WHITE BURS RA6 (10/PK)                                   
SSW-14820,SS WHITE BURS CARBIDE HP 1/4 10/PK                          
SSW-14821,SS WHITE BURS CARBIDE HP 1/2 10/PK                          
SSW-14841,SS WHITE BURS HP7 (10/PK)                                   
SSW-14871,SS WHITE BURS CARBIDE HP 557 10/PK                          
SSW-14874,SS WHITE BURS CARBIDE HP FG558 10/PK                        
SSW-14883,SS WHITE BURS CARBIDE HP700 10/PK                           
SSW-14886,SS WHITE BURS HP701 (10/PK)                                 
SSW-14893,SS WHITE BURS HP703L (10/PK)                                
SSW-14898,SS WHITE BURS HP1557 (10/PK)                                
SSW-14914,SS WHITE BURS CARBIDE HP 1703 10/PK                         
SSW-15001,SS WHITE BURS FG330 (10/PK)                                 
SSW-15006,SS WHITE BURS FG557 (10/PK)                                 
SSW-15024,SS WHITE BURS FG1558 (10/PK)                                
SSW-15052,SS WHITE BURS FG245 (10/PK)                                 
SSW-15062,SS WHITE BURS GREAT WHITE GW2 (10/PK)                       
SSW-15088-5,SS WHITE BURS FINISHING FG7006 (5/PK)                       
SSW-15092-5,SS WHITE BURS TRIM & FINISHING FG7803 (5/PK)                
SSW-15093-5,SS WHITE BURS 12 BLADE T&F FG7902 (5/PK)                    
SSW-15095-5,SS WHITE BURS 12 BLADE T&F FG7406 (5/PK)                    
SSW-15106-5,SS WHITE BURS FINISHING FG7404 (5/PK)                       
SSW-15121-5,SS WHITE BURS 12 BLADE T&F FG7901 (5/PK)                    
SSW-15304-5,SS WHITE BURS 12 BLADE T&F #7304 (5/PK)                     
SSW-15370-5,SS WHITE BURS 12 BLADE T&F #7378 (5/PK)                     
SSW-15379-5,SS WHITE BURS FINISHING FG7379 (5/PK)                       
SSW-15380-5,SS WHITE BURS 20 BLADE T&F #8379 (5/PK)                     
SSW-15408-5,SS WHITE BURS FINISHING FG7408 (5/PK)                       
SSW-15409-5,SS WHITE BURS 20 BLADE T&F FG8408 (5/PK)                    
SSW-15801-5,SS WHITE BURS TRIM & FINISHING FG7801 (5/PK)                
SSW-15903-5,SS WHITE BURS TRIM & FINISHING FG7903 (5/PK)                
SSW-16001-5,SS WHITE BURS TRIM & FINISHING FG CFT1 (5/PK)               
SSW-16002-5,SS WHITE BURS TRIM & FINISHING FG CFT2 (5/PK)               
SSW-16003-5,SS WHITE BURS TRIM & FINISHING FG CFT3 (5/PK)               
SUL-21115,SULTAN DENTAL PUREVAC 5 LITRE BOTTLE                        
SUL-30000,SULTAN DENTAL TOPEX PROPHY PASTE ASST 200/BX                
SUL-30001,SULTAN DENTAL TOPEX PROPHY PASTE COARSE CHERRY  200/BOX     
SUL-30012,SULTAN DENTAL TOPEX PROPHY PASTE MEDIUM MINT 200/BOX        
SUL-30015,SULTAN DENTAL TOPEX PROPHY PASTE MEDIUM ASSORTED 200/BOX    
SUL-31001,SULTAN DENTAL TOPEX TOPICAL GEL CHERRY                      
SUL-31002,SULTAN DENTAL TOPEX TOPICAL GEL MINT                        
SUL-31004,SULTAN DENTAL TOPEX TOPICAL GEL PINA COLADA                 
SUL-31005,SULTAN DENTAL TOPEX TOPICAL GEL BUBBLE-NUM                  
SUL-31006,SULTAN DENTAL TOPEX TOPICAL GEL STRAWBERRY                  
SUL-31007,SULTAN DENTAL TOPEX TOPICAL GEL RAZZBERRY                   
SUL-77610,SULTAN DENTAL GENIE VPS RAPID SET LIGHT BODY 2x 50ml        
SUL-77615,SULTAN DENTAL GENIE VPS STD SET LIGHT BODY 2x 50ml          
SUL-77620,SULTAN DENTAL GENIE VPS RAPID SET REG BODY 2x 50ml          
SUL-77630,SULTAN DENTAL GENIE VPS RAPID SET HEAVY BODY 2x 50ml        
SUL-77635,SULTAN DENTAL GENIE VPS STD SET HEAVY BODY 2x 50ml          
SUL-77640,SULTAN DENTAL GENIE BITE REGISTRATION FAST SET 2/PK         
SUL-77645,SULTAN DENTAL GENIE BITE REGISTRATION SUPER FAST SET 2/PK   
SUL-77650,SULTAN DENTAL GENIE PUTTY RAPID SET 600ML/PK                
SUL-77655,SULTAN DENTAL GENIE PUTTY REGULAR SET 600ML/PK              
SUL-83000,SULTAN DENTAL ASSURE PLUS POUCHES 3.25 X 6.5 200/BX        
TOK-13110,TOKUYAMA ESTELITE SIGMA QUICK SYRINGE 3.8GM A1
TOK-13111,TOKUYAMA ESTELITE SIGMA QUICK SYRINGE 3.8GM A2
TOK-13112,TOKUYAMA ESTELITE SIGMA QUICK SYRINGE 3.8GM A3
TOK-13310(E),TOKUYAMA ESTELITE SIGMA QUICK PLT A1 20/PK
TOK-13311(E),TOKUYAMA ESTELITE SIGMA QUICK PLT A2 20/PK
TOK-13312(E),TOKUYAMA ESTELITE SIGMA QUICK PLT A3 20/PK
TOK-20506,TOKUYAMA REBASE II HARD LINER POWDER AND LIQUID KIT         
ULT-111-CN,ULTRADENT ASTRINGEDENT BOTTLE 30ML                          
ULT-125,ULTRADENT DENTO-INFUSOR METAL TIPS 100/PK     
ULT-131(E),ULTRADENT ULTRAPAK CORD #0                                  
ULT-0,
ULT-132(E),ULTRADENT ULTRAPAK CORD #1                                  
ULT-1,
ULT-133(E),ULTRADENT ULTRAPAK CORD #2                                  
ULT-2,
ULT-134(E),ULTRADENT ULTRAPAK CORD #3                                  
ULT-3,
ULT-136(E),ULTRADENT ULTRAPAK CORD #00                                 
ULT-00,
ULT-137(E),ULTRADENT ULTRAPAK CORD #000                                
ULT-000,
ULT-164,ULTRADENT ULTRA-ETCH REFILL                                 
ULT-168,ULTRADENT ULTRA-ETCH ECONO REFILL                           
ULT-1825,ULTRADENT OPALDAM GREEN 4X1.2ML SYRINGE REFILL             
ULT-241,Ultradent LC Block-Out Resin Refill   
ULT-2560,ULTRADENT DENTO-INFUSOR METAL TIPS 500/PK                  
ULT-326,ULTRADENT OPALDAM ECONO 20X1.2ML SYRINGE REFILL            
ULT-4638,ULTRADENT OPALESCENCE GO 15% MINT PATIENT KIT              
ULT-4750,ULTRADENT OPALESCENCE PF 40% INTRO KIT                     
ULT-4751,ULTRADENT OPALESCENCE PF 40% PATIENT KIT                    
ULT-5348,ULTRADENT OPALESCENCE PF 45% ECONO REFILL                  
ULT-5379,ULTRADENT OPALESCENCE PF 10% MINT DOCTOR KIT               
ULT-5381,ULTRADENT OPALESCENCE PF 10% REGULAR KIT                   
ULT-6408,ULTRADENT VISCOSTAT CLEAR INDISPENSE REFILL                 
ULT-645-CN,ULTRADENT VISCOSTAT INDISPENSE REFILL                       
ULT-685,ULTRADENT ULTRA-ETCH INDISPENSE REFILL                      
VIV-532687,VIVADENT HELIOMOLAR SYRINGES 140/A2 3GM/EA                  
VIV-532907,VIVADENT HELIOBOND 6ML
VIV-533585,VIVADENT POLITIP POLISHER GREEN LARGE CUP C                 
VIV-533602,VIVADENT POLITIP FINISHER GREY POINT B                      
VIV-533603,VIVADENT POLITIP FINISHER GREY LARGE CUP C                  
VIV-533604,VIVADENT POLITIP FINISHER GREY SMALL CUP D                  
VIV-533648,VIVADENT MIXING WELL W COVER                                
VIV-541501,VIVADENT HELIOMOLAR CARTRIDGE REFILL 110/A1/20              
VIV-541502,VIVADENT HELIOMOLAR CARTRIDGE REFILL 140/A2/22              
VIV-541503,VIVADENT HELIOMOLAR CARTRIDGE REFILL 210/A3/U               
VIV-557030,VIVADENT HELIOMOLAR FLOW REFILLS 110/A1/20                  
VIV-557031,VIVADENT HELIOMOLAR FLOW REFILLS 140/A2/22                  
VIV-590313,Vivadent Tetric Evoceram Syringe A2                        
VIV-590314,Vivadent Tetric Evoceram Syringe A3                        
VIV-590331,VIVADENT TETRIC EVOCERAM CAVIFIL CAPS A1 20/BX              
VIV-590332,VIVADENT TETRIC EVOCERAM CAVIFIL CAPS A2 20/BX              
VIV-590333,VIVADENT TETRIC EVOCERAM CAVIFIL CAPS A3 20/BX              
VIV-590334,Vivadent Tetric Evoceram Cavifil Caps A3.5
VIV-595953,VIVADENT TETRIC EVOFLOW SYRINGE A1 2GM/EA                   
VIV-595954,VIVADENT TETRIC EVOFLOW SYRINGE A2 2GM/EA                   
VIV-595955,VIVADENT TETRIC EVOFLOW SYRINGE A3 2GM/EA                   
VIV-595956,VIVADENT TETRIC EVOFLOW SYRINGE A3.5 2GM/EA                 
VIV-615216,Vivadent Multilink Automix Easy Refill Transparent               
VIV-626221,VIVADENT MONOBOND PLUS 5GM
VIV-627911,Telio CS Desensitizer 5 Gm. Bottle. 
VIV-628246,"Telio CS C&B - A2 shade. Self-Cure, for Temporary Crowns and Bridges"
VIV-637568,Vivadent Ivoclean Cleaning Paste 5 gm                       
VIV-638227,Vivadent Tetric Evoceram Bulk Fill Caps IVA
VIV-638228,Vivadent Tetric Evoceram Bulk Fill Caps IVB
VIV-665156,VIVADENT ADHESE UNIVERSAL VIVAPEN REFILL 2mL/EA            
VOC-1479,VOCO STRUCTUR 2 SC REFILL 75GM A1
VOC-1480,VOCO STRUCTUR 2 SC REFILL 75GM A2
VOC-1482,VOCO STRUCTUR 2 SC REFILL 75GM B1
VOC-1840,VOCO GRANDIO CAPSULES A1  REFILL 20X 0.25GM
VOC-1841,VOCO GRANDIO CAPSULES A2  REFILL 20X 0.25GM
VOC-1842,VOCO GRANDIO CAPSULES A3  REFILL 20X 0.25GM
VOC-1863,VOCO GRANDIO FLOW SYRINGE A1 2/PK 2.0GM
VOC-1864,VOCO GRANDIO FLOW SYRINGE A2 2/PK 2.0GM
VOC-2650,VOCO GRANDIOSO CAPSULES 0.25GM A1 16/PK
VOC-2651,VOCO GRANDIOSO CAPSULES 0.25GM A2 16/PK
VOC-2652,VOCO GRANDIOSO CAPSULES 0.25GM A3 16/PK
VOC-2685,VOCO GRANDIOSO HEAVY SYRINGE A2 2GM  2/PK
